source,page,section,decay_label,parent,daughter1,daughter2,coefficient_expr,coefficient_value,amplitude_class,qbar_power,paper_MeV12,realistic_factor,experiment_MeV12,footnotes,confidence,notes
Godfrey-Isgur-1985.pdf,14,1^3S_1,rho -> pi pi,rho,pi,pi,+(4/3)^(1/2),1.1547005,A,1,+12.4,,12.4,fit,medium,fit input for A
Godfrey-Isgur-1985.pdf,14,1^3S_1,phi -> K Kbar,phi,K,K,-(4/3)^(1/2),-1.1547005,A,1,-2.4,,1.9 +- 0.1,,medium,
Godfrey-Isgur-1985.pdf,14,1^3S_1,K* -> K pi,Kstar,K,pi,+1,1.0,A,1,+7.9,,7.1 +- 0.1,,medium,
Godfrey-Isgur-1985.pdf,14,1^3P_2,A2 -> (pi pi)_rho pi,A2,rho,pi,-(1/5)^(1/2),-0.4472136,A,2,-5.6,(1.5),8.8 +- 0.3,f,medium,
Godfrey-Isgur-1985.pdf,14,1^3P_2,A2 -> eta pi,A2,eta,pi,+(1/30)^(1/2),0.1825742,A,2,+4.5,,4.0 +- 0.1,,medium,
Godfrey-Isgur-1985.pdf,14,1^3P_2,A2 -> K Kbar,A2,K,K,-(1/30)^(1/2),-0.1825742,A,2,-2.8,,2.3 +- 0.1,,medium,
Godfrey-Isgur-1985.pdf,14,1^3P_2,A2 -> eta' pi,A2,etaprime,pi,+(1/30)^(1/2),0.1825742,A,2,+1.0,,<1.5,,medium,
Godfrey-Isgur-1985.pdf,14,1^3P_2,f -> pi pi,f,pi,pi,-(1/10)^(1/2),-0.3162278,A,2,-11,,12 +- 1,,medium,
Godfrey-Isgur-1985.pdf,14,1^3P_2,f -> K Kbar,f,K,K,-(1/30)^(1/2),-0.1825742,A,2,-2.5,,2.3 +- 0.2,,medium,
Godfrey-Isgur-1985.pdf,14,1^3P_2,f -> eta eta,f,eta,eta,+(1/120)^(1/2),0.0912871,A,2,+0.8,,1.0 +- 0.2,g,medium,
Godfrey-Isgur-1985.pdf,14,1^3P_2,f' -> pi pi,fprime,pi,pi,0,0.0,mixing_only,0,+1.1,,0.8 +- 0.4,,medium,nonzero only through Table III mixing
Godfrey-Isgur-1985.pdf,14,1^3P_2,f' -> K Kbar,fprime,K,K,-(1/15)^(1/2),-0.2581989,A,2,-7.1,,<= 8 +- 1,,medium,
Godfrey-Isgur-1985.pdf,14,1^3P_2,f' -> eta eta,fprime,eta,eta,+(1/60)^(1/2),0.1290994,A,2,+2.9,,<6,,medium,
Godfrey-Isgur-1985.pdf,14,1^3P_2,f' -> eta' eta,fprime,etaprime,eta,-(1/30)^(1/2),-0.1825742,A,2,-0.04,,,,medium,
Godfrey-Isgur-1985.pdf,14,1^3P_2,f' -> (K pi)_K* Kbar,fprime,Kstar,K,+(1/10)^(1/2),0.3162278,A,2,+1.7,(1.4),<5,f,medium,
Godfrey-Isgur-1985.pdf,14,1^3P_2,K*2 -> K pi,Kstar2,K,pi,+(3/20)^(1/2),0.3872983,A,2,+7.7,,6.7 +- 0.5,,medium,
Godfrey-Isgur-1985.pdf,14,1^3P_2,K*2 -> (K pi)_K* pi,Kstar2,Kstar,pi,-(3/40)^(1/2),-0.2738613,A,2,-3.7,(1.4),5.0 +- 0.5,f,medium,
Godfrey-Isgur-1985.pdf,14,1^3P_2,K*2 -> (pi pi)_rho K,Kstar2,rho,K,-(3/40)^(1/2),-0.2738613,A,2,-2.1,(1.4),3.0 +- 0.4,f,medium,
Godfrey-Isgur-1985.pdf,14,1^3P_2,K*2 -> omega K,Kstar2,omega,K,+(1/40)^(1/2),0.1581139,A,2,+1.2,(1.4),2.0 +- 0.4,,medium,
Godfrey-Isgur-1985.pdf,14,1^3P_2,K*2 -> K eta,Kstar2,K,eta,-(sqrt2-1)/sqrt(120),-0.0378144,A,2,-0.8,,2.2 +1.1 -2.2,,medium,
Godfrey-Isgur-1985.pdf,14,1^3P_2,K*2 -> K eta',Kstar2,K,etaprime,+(sqrt2+1)/sqrt(120),0.2203951,A,2,below_threshold,,,,medium,
Godfrey-Isgur-1985.pdf,14,1^3P_1,A1 -> [(pi pi)_rho pi]_S,A1,rho,pi,+(8/9)^(1/2),0.9428090,S,0,+20,,18 +- 2,f,medium,
Godfrey-Isgur-1985.pdf,14,1^3P_1,A1 -> [(pi pi)_rho pi]_D,A1,rho,pi,-(1/9)^(1/2),-0.3333333,A,2,-3.0,(1.5),,f,medium,
Godfrey-Isgur-1985.pdf,14,1^3P_1,A1 -> (pi pi)_eps pi,A1,eps,pi,-(8/9)^(1/2),-0.9428090,A0,1,-4.3,,3.6 +- 0.4,f,medium,quasi-two-body eps daughter; kinematics convention open
Godfrey-Isgur-1985.pdf,15,1^3P_1,D -> [(K pi)_K* Kbar]_S,D1285,Kstar,K,+(2/9)^(1/2),0.4714045,S,0,+0.69,,,f,medium,
Godfrey-Isgur-1985.pdf,15,1^3P_1,D -> [(K pi)_K* Kbar]_D,D1285,Kstar,K,-(1/36)^(1/2),-0.1666667,A,2,-0.0,,,f,medium,
Godfrey-Isgur-1985.pdf,15,1^3P_1,D -> (eta pi)_delta2 pi,D1285,delta2,pi,+(8/3)^(1/2),1.6329932,A0,1,+4.6,,4.0 +- 0.8,"e,f",medium,quasi-two-body delta2 daughter
Godfrey-Isgur-1985.pdf,15,1^3P_1,D -> (pi pi)_eps eta,D1285,eps,eta,-(4/9)^(1/2),-0.6666667,A0,1,-3.4,,1.8 +- 0.8,f,medium,quasi-two-body eps daughter; kinematics convention open
Godfrey-Isgur-1985.pdf,15,1^3P_1,E -> [(K pi)_K* Kbar]_S,E1420,Kstar,K,-(4/9)^(1/2),-0.6666667,S,0,-10,,7 +4 -1,"f,h",medium,
Godfrey-Isgur-1985.pdf,15,1^3P_1,E -> [(K pi)_K* Kbar]_D,E1420,Kstar,K,+(1/18)^(1/2),0.2357023,A,2,+0.7,(1.3),,f,medium,
Godfrey-Isgur-1985.pdf,15,1^3P_1,E -> delta2 pi,E1420,delta2,pi,0,0.0,mixing_only,0,~0,,,"e,f",medium,
Godfrey-Isgur-1985.pdf,15,1^3P_1,E -> eps eta,E1420,eps,eta,0,0.0,mixing_only,0,~0,,,f,medium,
Godfrey-Isgur-1985.pdf,15,1P_1 strange,Q1 -> [(K pi)_K* pi]_S,Q1,Kstar,pi,-(1/6)^(1/2),-0.4082483,S,0,-0.3,,2.7 +- 1.5,"b,f,i,j",medium,
Godfrey-Isgur-1985.pdf,15,1P_1 strange,Q1 -> [(K pi)_K* pi]_D,Q1,Kstar,pi,-(1/12)^(1/2),-0.2886751,A,2,-3.0,(1.4),2.6 +- 0.5,"b,f,i",medium,
Godfrey-Isgur-1985.pdf,15,1P_1 strange,Q1 -> [(pi pi)_rho K]_S,Q1,rho,K,+(1/6)^(1/2),0.4082483,S,0,+9.9,(1.4),6.2 +- 1.0,"b,f,i",medium,
Godfrey-Isgur-1985.pdf,15,1P_1 strange,Q1 -> [(pi pi)_rho K]_D,Q1,rho,K,+(1/12)^(1/2),0.2886751,A,2,+0.5,,not seen,"b,f,i",medium,
Godfrey-Isgur-1985.pdf,15,1P_1 strange,Q1 -> [omega K]_S,Q1,omega,K,-(1/18)^(1/2),-0.2357023,S,0,-7.0,,3.1 +- 0.5,"b,i",medium,
Godfrey-Isgur-1985.pdf,15,1P_1 strange,Q1 -> [omega K]_D,Q1,omega,K,-(1/36)^(1/2),-0.1666667,A,2,-0.2,,not seen,"b,i",medium,
Godfrey-Isgur-1985.pdf,15,1P_1 strange,Q1 -> (K pi)_kappa pi,Q1,kappa,pi,-(1/3)^(1/2),-0.5773503,Aprime,1,-3.1,(1.3),5.1 +- 0.5,f,medium,quasi-two-body kappa daughter; kinematics convention open
Godfrey-Isgur-1985.pdf,15,1P_1 strange,Q1 -> (pi pi)_eps K,Q1,eps,K,+(1/9)^(1/2),0.3333333,Aprime,1,+0.04,,1.6 +- 0.4,"f,j",medium,near threshold; kinematics convention open
Godfrey-Isgur-1985.pdf,15,1P_1 strange,Q2 -> [(K pi)_K* pi]_S,Q2,Kstar,pi,+(1/3)^(1/2),0.5773503,S,0,+16,,13 +- 3,f,medium,
Godfrey-Isgur-1985.pdf,15,1P_1 strange,Q2 -> [(K pi)_K* pi]_D,Q2,Kstar,pi,-(1/24)^(1/2),-0.2041241,A,2,-0.1,(1.4),2.6 +- 0.9,"b,f,i,j",medium,paper value suspect vs OCR; image audit pending
Godfrey-Isgur-1985.pdf,15,1P_1 strange,Q2 -> [(pi pi)_rho K]_S,Q2,rho,K,+(1/3)^(1/2),0.5773503,S,0,+4.2,,2.4 +- 2.3,"b,f,i",medium,
Godfrey-Isgur-1985.pdf,15,1P_1 strange,Q2 -> [(pi pi)_rho K]_D,Q2,rho,K,-(1/24)^(1/2),-0.2041241,A,2,-1.8,(1.4),not seen,"b,f,i",medium,
Godfrey-Isgur-1985.pdf,15,1P_1 strange,Q2 -> [omega K]_S,Q2,omega,K,-(1/9)^(1/2),-0.3333333,S,0,-3.0,,1.1 +- 1.0,"b,i",medium,
Godfrey-Isgur-1985.pdf,15,1P_1 strange,Q2 -> [omega K]_D,Q2,omega,K,+(1/72)^(1/2),0.1178511,A,2,+0.8,(1.4),not seen,"b,i",medium,
Godfrey-Isgur-1985.pdf,15,1P_1 strange,Q2 -> (K pi)_kappa pi,Q2,kappa,pi,-(2/3)^(1/2),-0.8164966,A,1,-1.4,,~0,"b,f,i",medium,quasi-two-body kappa daughter
Godfrey-Isgur-1985.pdf,15,1P_1 strange,Q2 -> (pi pi)_eps K,Q2,eps,K,-(2/9)^(1/2),-0.4714045,A,1,-2.0,,1.7 +- 1.4,"b,f,i",medium,quasi-two-body eps daughter
Godfrey-Isgur-1985.pdf,15,1^1P_1,B -> [omega pi]_S,B,omega,pi,-(2/9)^(1/2),-0.4714045,S,0,-11,,11,fit,medium,fit input for S0
Godfrey-Isgur-1985.pdf,15,1^1P_1,B -> [omega pi]_D,B,omega,pi,-(1/9)^(1/2),-0.3333333,A,2,-3.0,(1.5),3.2 +- 0.5,"e,f",medium,
Godfrey-Isgur-1985.pdf,15,1^1P_1,B -> (eta pi)_delta2 pi,B,delta2,pi,-(8/9)^(1/2),-0.9428090,Aprime,1,-4.4,,18 +- 2,f,medium,quasi-two-body delta2 daughter
Godfrey-Isgur-1985.pdf,15,1^1P_1,H -> [rho pi]_S,H,rho,pi,+(2/3)^(1/2),0.8164966,S,0,+19,,,f,medium,parent H uses GI model mass
Godfrey-Isgur-1985.pdf,15,1^1P_1,H -> [rho pi]_D,H,rho,pi,+(1/3)^(1/2),0.5773503,A,2,+5.2,,,f,medium,parent H uses GI model mass
Godfrey-Isgur-1985.pdf,15,1^1P_1,H' -> [rho pi]_S,Hprime,rho,pi,0,0.0,mixing_only,0,~0,,,f,medium,
Godfrey-Isgur-1985.pdf,15,1^1P_1,H' -> [rho pi]_D,Hprime,rho,pi,0,0.0,mixing_only,0,~0,,,f,medium,
Godfrey-Isgur-1985.pdf,15,1^1P_1,H' -> [(K pi)_K* Kbar]_S,Hprime,Kstar,K,+(2/9)^(1/2),0.4714045,S,0,+8.0,,,f,medium,parent H' uses GI model mass
Godfrey-Isgur-1985.pdf,15,1^1P_1,H' -> [(K pi)_K* Kbar]_D,Hprime,Kstar,K,+(1/9)^(1/2),0.3333333,A,2,+1.2,,,f,medium,parent H' uses GI model mass
Godfrey-Isgur-1985.pdf,16,1^3P_0,delta2 -> eta pi,delta2,eta,pi,+(1/3)^(1/2),0.5773503,S,0,+14,(1.3),see Sec. VD,e,medium,parent delta2 uses GI model mass
Godfrey-Isgur-1985.pdf,16,1^3P_0,delta2 -> K Kbar,delta2,K,K,-(1/3)^(1/2),-0.5773503,S,0,-11,(1.3),see Sec. VD,e,medium,parent delta2 uses GI model mass
Godfrey-Isgur-1985.pdf,16,1^3P_0,delta2 -> eta' pi,delta2,etaprime,pi,+(1/3)^(1/2),0.5773503,S,0,below_threshold,(1.3),see Sec. VD,e,medium,
Godfrey-Isgur-1985.pdf,16,1^3P_0,eps -> pi pi,eps,pi,pi,-1,-1.0,S,0,-27,(1.3),see Sec. VD,,medium,parent eps uses GI model mass
Godfrey-Isgur-1985.pdf,16,1^3P_0,eps -> K Kbar,eps,K,K,-(1/3)^(1/2),-0.5773503,S,0,-11,(1.3),see Sec. VD,,medium,parent eps uses GI model mass
Godfrey-Isgur-1985.pdf,16,1^3P_0,eps -> eta eta,eps,eta,eta,+(1/12)^(1/2),0.2886751,S,0,below_threshold,(1.3),see Sec. VD,,medium,
Godfrey-Isgur-1985.pdf,16,1^3P_0,eps' -> pi pi,epsprime,pi,pi,0,0.0,mixing_only,0,~0,(1.3),see Sec. VD,,medium,
Godfrey-Isgur-1985.pdf,16,1^3P_0,eps' -> K Kbar,epsprime,K,K,-(2/3)^(1/2),-0.8164966,S,0,-21,(1.2),see Sec. VD,,medium,parent eps' uses GI model mass
Godfrey-Isgur-1985.pdf,16,1^3P_0,eps' -> eta eta,epsprime,eta,eta,+(1/6)^(1/2),0.4082483,S,0,+10,(1.2),see Sec. VD,,medium,parent eps' uses GI model mass
Godfrey-Isgur-1985.pdf,16,1^3P_0,kappa -> K pi,kappa,K,pi,+(1/2)^(1/2),0.7071068,S,0,+19,(1.2),see Sec. VD,,medium,parent kappa uses GI model mass
Godfrey-Isgur-1985.pdf,16,1^3P_0,kappa -> K eta,kappa,K,eta,-(sqrt2-1)/sqrt(12),-0.1195229,S,0,-2.8,(1.2),see Sec. VD,,medium,parent kappa uses GI model mass
Godfrey-Isgur-1985.pdf,16,1^3P_0,kappa -> K eta',kappa,K,etaprime,+(sqrt2+1)/sqrt(12),0.6968470,S,0,below_threshold,(1.2),see Sec. VD,,medium,
