key,particle,mass_GeV,pdg_id,pdg_display,edition,status,note,source_url
pi+,pi+- MASS,0.13957039098368132,S008M,139.57039+-0.00018,2026,PDG fit,,https://pdglive.lbl.gov/DataBlock.action?node=S008M
pi0,pi0 MASS,0.13497682776768472,S009M,134.9768+-0.0005,2026,PDG fit,,https://pdglive.lbl.gov/DataBlock.action?node=S009M
eta,eta MASS,0.54786187114402,S014M,547.862+-0.017,2026,PDG average,,https://pdglive.lbl.gov/DataBlock.action?node=S014M
eta_prime,eta'(958) MASS,0.9577837638923,M002M,957.78+-0.06,2026,PDG average,,https://pdglive.lbl.gov/DataBlock.action?node=M002M
rho0,"NEUTRAL ONLY, e+ e-",0.7752611563582926,M009M0,775.26+-0.23,2026,PDG average,,https://pdglive.lbl.gov/DataBlock.action?node=M009M0
rho+,"CHARGED ONLY, tau DECAYS and e+ e-",0.7751078715868065,M009M5,775.11+-0.34,2026,PDG average,,https://pdglive.lbl.gov/DataBlock.action?node=M009M5
omega,omega(782) MASS,0.782655723752181,M001M,782.66+-0.13,2026,PDG average,,https://pdglive.lbl.gov/DataBlock.action?node=M001M
phi,phi(1020) MASS,1.019459752114901,M004M,1019.460+-0.016,2026,PDG average,,https://pdglive.lbl.gov/DataBlock.action?node=M004M
b1,b_1(1235) MASS,1.229483446980134,M011M,1229.5+-3.2,2026,PDG average,,https://pdglive.lbl.gov/DataBlock.action?node=M011M
a1,a_1(1260) MASS,1.23,M010M,1230+-40,2026,PDG estimate,,https://pdglive.lbl.gov/DataBlock.action?node=M010M
a2,a_2(1320) MASS,1.318202926499983,M012M0,1318.2+-0.6,2026,PDG average,,https://pdglive.lbl.gov/DataBlock.action?node=M012M0
f2,f_2(1270) MASS,1.2754120499190051,M005M,1275.4+-0.8,2026,PDG average,,https://pdglive.lbl.gov/DataBlock.action?node=M005M
f2prime,f_2'(1525) MASS,1.517304243265377,M013MX,1517.3+-2.4,2026,PDG average,,https://pdglive.lbl.gov/DataBlock.action?node=M013MX
f1,f_1(1285) MASS,1.281841436830458,M008M,1281.8+-0.5,2026,PDG average,,https://pdglive.lbl.gov/DataBlock.action?node=M008M
f1prime,f_1(1420) MASS,1.4277078932525331,M006M2,1427.7+1.7-1.4,2026,PDG average,,https://pdglive.lbl.gov/DataBlock.action?node=M006M2
h1,h_1(1170) MASS,1.166,M030M,1166+-6,2026,PDG average,,https://pdglive.lbl.gov/DataBlock.action?node=M030M
h1prime,h_1(1415) MASS,1.409062450792051,M109M,1409+9-8,2026,PDG average,,https://pdglive.lbl.gov/DataBlock.action?node=M109M
pi1300,pi(1300) MASS,1.3,M058M,1300+-100,2026,PDG estimate,,https://pdglive.lbl.gov/DataBlock.action?node=M058M
eta1295,eta(1295) MASS,1.293710130391174,M037M,1294+-4,2026,PDG average,,https://pdglive.lbl.gov/DataBlock.action?node=M037M
rho1450,rho(1450) MASS,1.465,M105M0,1465+-25,2026,PDG estimate,This is only an educated guess; the error given is larger than the error on the average of the published values.,https://pdglive.lbl.gov/DataBlock.action?node=M105M0
rho1700,eta rho0 AND pi+ pi- MODES,1.72,M065M0,1720+-20,2026,PDG estimate,,https://pdglive.lbl.gov/DataBlock.action?node=M065M0
omega1420,omega(1420) MASS,1.41,M125M,1410+-60,2026,PDG estimate,,https://pdglive.lbl.gov/DataBlock.action?node=M125M
omega1650,omega(1650) MASS,1.67,M126M,1670+-30,2026,PDG estimate,,https://pdglive.lbl.gov/DataBlock.action?node=M126M
phi1680,e+ e- PRODUCTION,1.68,M067M1,1680+-20,2026,PDG estimate,,https://pdglive.lbl.gov/DataBlock.action?node=M067M1
rho3,rho_3(1690) MASS,1.6888024030087911,M015M,1688.8+-2.1,2026,PDG average,,https://pdglive.lbl.gov/DataBlock.action?node=M015M
omega3,omega_3(1670) MASS,1.667205745233679,M045M,1667+-4,2026,PDG average,,https://pdglive.lbl.gov/DataBlock.action?node=M045M
phi3,phi_3(1850) MASS,1.8543031038549909,M054M,1854+-7,2026,PDG average,,https://pdglive.lbl.gov/DataBlock.action?node=M054M
pi2,pi_2(1670) MASS,1.670628482324409,M034M,1670.6+2.9-1.2,2026,PDG average,,https://pdglive.lbl.gov/DataBlock.action?node=M034M
eta2,eta_2(1645) MASS,1.617318566614613,M154M,1617+-5,2026,PDG average,,https://pdglive.lbl.gov/DataBlock.action?node=M154M
eta2prime,eta_2(1870) MASS,1.841689075718733,M101M,1842+-8,2026,PDG average,,https://pdglive.lbl.gov/DataBlock.action?node=M101M
a4,a_4(1970) MASS,1.967276339976973,M017M,1967+-16,2026,PDG average,,https://pdglive.lbl.gov/DataBlock.action?node=M017M
f4,f_4(2050) MASS,2.018439509055114,M016M,2018+-11,2026,PDG average,,https://pdglive.lbl.gov/DataBlock.action?node=M016M
K+,K+- MASS,0.4936765994580406,S010M,493.677+-0.015,2026,PDG fit,,https://pdglive.lbl.gov/DataBlock.action?node=S010M
K0,K0 MASS,0.49761076753125755,S011M,497.611+-0.013,2026,PDG fit,,https://pdglive.lbl.gov/DataBlock.action?node=S011M
Kstar+,"CHARGED ONLY, HADROPRODUCED",0.891882454260085,M018M1,891.88+-0.23,2026,PDG average,,https://pdglive.lbl.gov/DataBlock.action?node=M018M1
Kstar0,NEUTRAL ONLY,0.8955564491633554,M018M2,895.56+-0.20,2026,PDG average,,https://pdglive.lbl.gov/DataBlock.action?node=M018M2
K2+,"CHARGED ONLY, WITH FINAL STATE K pi",1.427251610677319,M022M1,1427.3+-1.5,2026,PDG average,,https://pdglive.lbl.gov/DataBlock.action?node=M022M1
K20,NEUTRAL ONLY,1.432353372250366,M022M4,1432.4+-1.3,2026,PDG average,,https://pdglive.lbl.gov/DataBlock.action?node=M022M4
K1_1270,K_1(1270) MASS,1.255765763305702,M028MX,1256+-6,2026,PDG average,,https://pdglive.lbl.gov/DataBlock.action?node=M028MX
K1_1400,K_1(1400) MASS,1.402516791473017,M064M,1403+-7,2026,PDG average,,https://pdglive.lbl.gov/DataBlock.action?node=M064M
Kstar1410,K*(1410) MASS,1.413732912723449,M094M,1414+-15,2026,PDG average,,https://pdglive.lbl.gov/DataBlock.action?node=M094M
Kstar1680,K*(1680) MASS,1.717577132197535,M095M,1718+-18,2026,PDG average,,https://pdglive.lbl.gov/DataBlock.action?node=M095M
K2_1770,K_2(1770) MASS,1.77302507831344,M023M,1773+-8,2026,PDG average,,https://pdglive.lbl.gov/DataBlock.action?node=M023M
K2_1820,K_2(1820) MASS,1.819150235893909,M146M,1819+-12,2026,PDG average,,https://pdglive.lbl.gov/DataBlock.action?node=M146M
K3,K_3*(1780) MASS,1.778947997002842,M060M,1779+-8,2026,PDG average,,https://pdglive.lbl.gov/DataBlock.action?node=M060M
K4,K_4*(2045) MASS,2.048247496629263,M035M,2048+8-9,2026,PDG average,,https://pdglive.lbl.gov/DataBlock.action?node=M035M
D+,D+- MASS,1.869664743570898,S031M,1869.66+-0.05,2026,PDG fit,,https://pdglive.lbl.gov/DataBlock.action?node=S031M
D0,D0 MASS,1.864842442150871,S032M,1864.84+-0.04,2026,PDG fit,,https://pdglive.lbl.gov/DataBlock.action?node=S032M
Dstar+,D*(2010)+- MASS,2.010268190860256,M062M,2010.27+-0.04,2026,PDG fit,,https://pdglive.lbl.gov/DataBlock.action?node=M062M
Dstar0,D*(2007)0 MASS,2.006856662548903,M061M,2006.86+-0.05,2026,PDG fit,,https://pdglive.lbl.gov/DataBlock.action?node=M061M
Ds,D_s+- MASS,1.9683548722252,S034M,1968.35+-0.07,2026,PDG fit,,https://pdglive.lbl.gov/DataBlock.action?node=S034M
Dsstar,D_s*+- MASS,2.112198041153834,S074M,2112.2+-0.4,2026,PDG fit,,https://pdglive.lbl.gov/DataBlock.action?node=S074M
D2,D_2*(2460) MASS,2.4611321663318497,M254M,2461.1+-0.8,2026,PDG fit,,https://pdglive.lbl.gov/DataBlock.action?node=M254M
B+,B+- MASS,5.279405997146907,S041M,5279.41+-0.07,2026,PDG fit,,https://pdglive.lbl.gov/DataBlock.action?node=S041M
B0,B0 MASS,5.2797166045222,S042M,5279.72+-0.08,2026,PDG fit,,https://pdglive.lbl.gov/DataBlock.action?node=S042M
Bstar,B* MASS,5.3247454336330655,S085M,5324.75+-0.20,2026,PDG fit,,https://pdglive.lbl.gov/DataBlock.action?node=S085M
Bs,B_s0 MASS,5.366931931225692,S086M,5366.93+-0.10,2026,PDG fit,,https://pdglive.lbl.gov/DataBlock.action?node=S086M
Bsstar,B_s* MASS,5.41544209743894,S087M,5415.4+-1.4,2026,PDG fit,,https://pdglive.lbl.gov/DataBlock.action?node=S087M
Bc,B_c+ MASS,6.27447,S091M,6274.47+-0.32,2026,PDG average,,https://pdglive.lbl.gov/DataBlock.action?node=S091M
eta_c,eta_c(1S) MASS,2.984094916772463,M026M,2984.09+-0.30,2026,PDG average,,https://pdglive.lbl.gov/DataBlock.action?node=M026M
eta_c2,eta_c(2S) MASS,3.637762839740389,M059M,3637.8+-0.6,2026,PDG average,,https://pdglive.lbl.gov/DataBlock.action?node=M059M
psi,J/psi(1S) MASS,3.096900354542921,M070M,3096.900+-0.006,2026,PDG average,,https://pdglive.lbl.gov/DataBlock.action?node=M070M
psi2,psi(2S) MASS,3.686097362258823,M071M,3686.097+-0.011,2026,PDG fit,,https://pdglive.lbl.gov/DataBlock.action?node=M071M
psi3770,psi(3770) MASS,3.7736771046364113,M053M,3773.7+-0.7,2026,PDG fit,,https://pdglive.lbl.gov/DataBlock.action?node=M053M
psi4040,psi(4040) MASS,4.0396,M072M,4040+-4,2026,PDG average,,https://pdglive.lbl.gov/DataBlock.action?node=M072M
chi_c0,chi_c0(1P) MASS,3.415497307177493,M056M,3415.50+-0.19,2026,PDG average,,https://pdglive.lbl.gov/DataBlock.action?node=M056M
chi_c1,chi_c1(1P) MASS,3.5106696010893503,M055M,3510.67+-0.05,2026,PDG average,,https://pdglive.lbl.gov/DataBlock.action?node=M055M
chi_c2,chi_c2(1P) MASS,3.556168201191627,M057M,3556.17+-0.07,2026,PDG average,,https://pdglive.lbl.gov/DataBlock.action?node=M057M
eta_b,eta_b(1S) MASS,9.39869813003584,M171M,9398.7+-2.0,2026,PDG average,,https://pdglive.lbl.gov/DataBlock.action?node=M171M
eta_b2,eta_b(2S) MASS,9.999,M200M,9999+-4,2026,PDG average,,https://pdglive.lbl.gov/DataBlock.action?node=M200M
Upsilon,Upsilon(1S) MASS,9.460399964216766,M049M,9460.40+-0.10,2026,PDG average,,https://pdglive.lbl.gov/DataBlock.action?node=M049M
Upsilon2,Upsilon(2S) MASS,10.023399999999999,M052M,10023.4+-0.5,2026,PDG average,,https://pdglive.lbl.gov/DataBlock.action?node=M052M
Upsilon3,Upsilon(3S) MASS,10.3551,M048M,10355.1+-0.5,2026,PDG average,,https://pdglive.lbl.gov/DataBlock.action?node=M048M
Upsilon4,Upsilon(4S) MASS,10.579380866425991,M047M,10579.4+-1.2,2026,PDG average,,https://pdglive.lbl.gov/DataBlock.action?node=M047M
chi_b0,chi_b0(1P) MASS,9.859440000000001,M076M,9859.44+-0.42+-0.31,2026,PDG quoted value,"From average gamma energy below, using Upsilon(2S) mass = 10023.26+-0.31 MeV",https://pdglive.lbl.gov/DataBlock.action?node=M076M
chi_b1,chi_b1(1P) MASS,9.89278,M077M,9892.78+-0.26+-0.31,2026,PDG quoted value,"From average gamma energy below, using Upsilon(2S) mass = 10023.26+-0.31 MeV",https://pdglive.lbl.gov/DataBlock.action?node=M077M
chi_b2,chi_b2(1P) MASS,9.91221,M078M,9912.21+-0.26+-0.31,2026,PDG quoted value,"From average gamma energy below, using Upsilon(2S) mass = 10023.26+-0.31 MeV",https://pdglive.lbl.gov/DataBlock.action?node=M078M
chi_b02,chi_b0(2P) MASS,10.2325,M079M,10232.5+-0.4+-0.5,2026,PDG quoted value,"From gamma energy below, using Upsilon(3S) mass = 10355.2+-0.5 MeV",https://pdglive.lbl.gov/DataBlock.action?node=M079M
chi_b12,chi_b1(2P) MASS,10.25546,M080M,10255.46+-0.22+-0.50,2026,PDG quoted value,"From gamma energy below, using Upsilon(3S) mass = 10355.2+-0.5 MeV",https://pdglive.lbl.gov/DataBlock.action?node=M080M
chi_b22,chi_b2(2P) MASS,10.26865,M081M,10268.65+-0.22+-0.50,2026,PDG quoted value,"From gamma energy below, using Upsilon(3S) mass = 10355.2+-0.5 MeV",https://pdglive.lbl.gov/DataBlock.action?node=M081M
mu,mu MASS,0.1056583755,S004M,105.6583755+-0.0000023,2026,PDG average,,https://pdglive.lbl.gov/DataBlock.action?node=S004M
