key,pdg_id
pi+,S008M
pi0,S009M
eta,S014M
eta_prime,M002M
rho0,M009M0
rho+,M009M5
omega,M001M
phi,M004M
b1,M011M
a1,M010M
a2,M012M0
f2,M005M
f2prime,M013MX
f1,M008M
f1prime,M006M2
h1,M030M
h1prime,M109M
pi1300,M058M
eta1295,M037M
rho1450,M105M0
rho1700,M065M0
omega1420,M125M
omega1650,M126M
phi1680,M067M1
rho3,M015M
omega3,M045M
phi3,M054M
pi2,M034M
eta2,M154M
eta2prime,M101M
a4,M017M
f4,M016M
K+,S010M
K0,S011M
Kstar+,M018M1
Kstar0,M018M2
K2+,M022M1
K20,M022M4
K1_1270,M028MX
K1_1400,M064M
Kstar1410,M094M
Kstar1680,M095M
K2_1770,M023M
K2_1820,M146M
K3,M060M
K4,M035M
D+,S031M
D0,S032M
Dstar+,M062M
Dstar0,M061M
Ds,S034M
Dsstar,S074M
D2,M254M
B+,S041M
B0,S042M
Bstar,S085M
Bs,S086M
Bsstar,S087M
Bc,S091M
eta_c,M026M
eta_c2,M059M
psi,M070M
psi2,M071M
psi3770,M053M
psi4040,M072M
chi_c0,M056M
chi_c1,M055M
chi_c2,M057M
eta_b,M171M
eta_b2,M200M
Upsilon,M049M
Upsilon2,M052M
Upsilon3,M048M
Upsilon4,M047M
chi_b0,M076M
chi_b1,M077M
chi_b2,M078M
chi_b02,M079M
chi_b12,M080M
chi_b22,M081M
mu,S004M
