sector,mechanism,dimension,basis,residual,orth,trace_error,spectral_error,max_shift_MeV,lower_shift_MeV,upper_shift_MeV
q/q,tensor_mixing,5,1^3S_1;2^3S_1;3^3S_1;1^3D_1;2^3D_1,1.6781213463094857e-15,7.715257659415734e-16,0.0,3.552713678800501e-15,1.5869701287387628,-1.4307830148634348,0.3397583797224435
q/q,tensor_mixing,3,1^3P_2;2^3P_2;1^3F_2,8.995083324025988e-16,1.3503738058306958e-16,8.881784197001252e-16,3.552713678800501e-15,0.2107212130342262,-0.20262584819907836,0.2107212130342262
q/q,tensor_mixing,3,1^3D_3;2^3D_3;1^3G_3,2.1078990874827397e-15,1.0632973993472683e-16,1.7763568394002505e-15,5.329070518200751e-15,0.05039564740894065,-0.05011291530765405,0.05039564740894065
q/s,tensor_mixing,5,1^3S_1;2^3S_1;3^3S_1;1^3D_1;2^3D_1,1.935555834803749e-15,1.1576620308664712e-15,0.0,5.329070518200751e-15,1.1529404686660971,-1.0700504101848196,0.2945450972018371
q/s,antisymmetric_spin_orbit,4,1^1P_1;2^1P_1;1^3P_1;2^3P_1,1.938553484404082e-15,9.377552739498748e-16,2.6645352591003757e-15,5.329070518200751e-15,2.236519696334094,-0.22000533153487822,2.236519696334094
q/s,tensor_mixing,3,1^3P_2;2^3P_2;1^3F_2,9.234149903059041e-16,1.9416705656499778e-16,0.0,0.0,0.17481416260256566,-0.16832927467458347,0.17481416260256566
q/s,antisymmetric_spin_orbit,4,1^1D_2;2^1D_2;1^3D_2;2^3D_2,1.4259426972529354e-15,1.3937794779886294e-15,1.7763568394002505e-15,3.552713678800501e-15,2.6312601232172383,-0.8532516313646266,2.6312601232172383
q/s,tensor_mixing,3,1^3D_3;2^3D_3;1^3G_3,1.1188864776096735e-15,3.137698027831995e-16,1.7763568394002505e-15,0.0,0.04465572056622236,-0.04439263248112724,0.04465572056622236
q/s,antisymmetric_spin_orbit,2,1^1F_3;1^3F_3,4.996003610813204e-16,0.0,0.0,1.7763568394002505e-15,0.6402962841676185,-0.6402962841676185,0.6402962841676185
q/s,antisymmetric_spin_orbit,2,1^1G_4;1^3G_4,4.996003610813204e-16,0.0,0.0,0.0,0.399155319239064,-0.399155319239064,0.399155319239064
s/s,tensor_mixing,5,1^3S_1;2^3S_1;3^3S_1;1^3D_1;2^3D_1,1.6987279638502883e-15,5.883015466570252e-16,0.0,0.0,0.929615457621491,-0.929615457621491,0.29461571942457354
s/s,tensor_mixing,3,1^3P_2;2^3P_2;1^3F_2,1.1651920747701716e-15,7.036336574159363e-16,8.881784197001252e-16,5.329070518200751e-15,0.1516286771008346,-0.14668547391538667,0.1516286771008346
s/s,tensor_mixing,3,1^3D_3;2^3D_3;1^3G_3,2.403981995294322e-15,1.201426450187816e-15,8.881784197001252e-16,7.105427357601002e-15,0.040584176925761994,-0.040341337077975936,0.040584176925761994
c/q,tensor_mixing,5,1^3S_1;2^3S_1;3^3S_1;1^3D_1;2^3D_1,2.9234969479985384e-15,4.255490524553266e-16,3.552713678800501e-15,0.0,0.2764013843865598,-0.2764013843865598,0.10161575969647174
c/q,antisymmetric_spin_orbit,4,1^1P_1;2^1P_1;1^3P_1;2^3P_1,2.130240428499519e-15,5.4201149128017984e-15,1.7763568394002505e-15,1.0658141036401503e-14,9.865348329202828,-2.6257939053251356,9.865348329202828
c/q,tensor_mixing,3,1^3P_2;2^3P_2;1^3F_2,1.909029303994586e-15,7.220074961077766e-16,0.0,7.105427357601002e-15,0.05685008210765119,-0.05590824700885122,0.05685008210765119
c/q,antisymmetric_spin_orbit,4,1^1D_2;2^1D_2;1^3D_2;2^3D_2,3.899658373995862e-15,4.428465514729064e-15,3.552713678800501e-15,1.4210854715202004e-14,14.279255932799106,-11.924633597237388,14.279255932799106
c/q,tensor_mixing,3,1^3D_3;2^3D_3;1^3G_3,1.1958817725150894e-15,2.6715620326725606e-16,0.0,3.552713678800501e-15,0.01763419076317163,-0.0176323552238955,0.01763419076317163
c/q,antisymmetric_spin_orbit,2,1^1F_3;1^3F_3,0.0,2.220446049250313e-16,0.0,0.0,14.10344430554833,-14.10344430554833,14.10344430554833
c/q,antisymmetric_spin_orbit,2,1^1G_4;1^3G_4,4.440892098500626e-16,0.0,0.0,3.552713678800501e-15,14.654420568405602,-14.654420568405602,14.654420568405602
c/s,tensor_mixing,5,1^3S_1;2^3S_1;3^3S_1;1^3D_1;2^3D_1,2.226165215710174e-15,9.613839572417959e-16,3.552713678800501e-15,2.1316282072803006e-14,0.2909316359058778,-0.2909316359058778,0.11858143836418478
c/s,antisymmetric_spin_orbit,4,1^1P_1;2^1P_1;1^3P_1;2^3P_1,1.6445178552260131e-15,5.398253155856529e-15,0.0,0.0,5.813003130616501,-3.1748409508116637,5.813003130616501
c/s,tensor_mixing,3,1^3P_2;2^3P_2;1^3F_2,3.783133745507983e-15,9.197998536870228e-16,3.552713678800501e-15,2.1316282072803006e-14,0.05482610256990483,-0.05412520977854385,0.05482610256990483
c/s,antisymmetric_spin_orbit,4,1^1D_2;2^1D_2;1^3D_2;2^3D_2,4.246603069191224e-15,2.1752445570300643e-15,3.552713678800501e-15,3.552713678800501e-14,10.162610211001066,-10.162610211001066,9.910143301918861
c/s,tensor_mixing,3,1^3D_3;2^3D_3;1^3G_3,9.042051300951238e-16,3.3624921017038137e-16,0.0,7.105427357601002e-15,0.017240055032008428,-0.017234225303308648,0.017240055032008428
c/s,antisymmetric_spin_orbit,2,1^1F_3;1^3F_3,4.440892098500626e-16,2.220446049250313e-16,0.0,0.0,12.666822958864898,-12.666822958864898,12.666822958864898
c/s,antisymmetric_spin_orbit,2,1^1G_4;1^3G_4,0.0,0.0,0.0,0.0,13.63384726908734,-13.63384726908734,13.63384726908734
c/c,tensor_mixing,5,1^3S_1;2^3S_1;3^3S_1;1^3D_1;2^3D_1,3.1393912466935563e-15,7.186062988197917e-16,3.552713678800501e-15,2.842170943040401e-14,0.21074020949551908,-0.21074020949551908,0.0976057014714371
c/c,tensor_mixing,3,1^3P_2;2^3P_2;1^3F_2,3.8147856726809815e-15,3.196041657238871e-16,3.552713678800501e-15,2.842170943040401e-14,0.03147395977620704,-0.03140164405479595,0.03147395977620704
c/c,tensor_mixing,3,1^3D_3;2^3D_3;1^3G_3,4.244102627930929e-15,4.529258810722931e-16,3.552713678800501e-15,2.842170943040401e-14,0.010471975450343507,-0.010469152845971053,0.010471975450343507
b/q,tensor_mixing,5,1^3S_1;2^3S_1;3^3S_1;1^3D_1;2^3D_1,2.4767378902987303e-15,9.499797810793319e-16,0.0,0.0,0.04762780070066697,-0.04762780070066697,0.020111260630173433
b/q,antisymmetric_spin_orbit,4,1^1P_1;2^1P_1;1^3P_1;2^3P_1,4.496403249731884e-15,3.30665835645631e-15,0.0,2.842170943040401e-14,9.364009914564875,-2.031864531254257,9.364009914564875
b/q,tensor_mixing,3,1^3P_2;2^3P_2;1^3F_2,1.961403045189214e-15,3.0467351596263556e-17,3.552713678800501e-15,0.0,0.010494868643462496,-0.01043638289388582,0.010494868643462496
b/q,antisymmetric_spin_orbit,4,1^1D_2;2^1D_2;1^3D_2;2^3D_2,6.161737786669619e-15,2.2844309249812513e-15,7.105427357601002e-15,8.526512829121202e-14,14.799789715814526,-12.81035596310165,14.799789715814526
b/q,tensor_mixing,3,1^3D_3;2^3D_3;1^3G_3,5.859138654394809e-15,3.674180109260899e-16,7.105427357601002e-15,7.105427357601002e-14,0.0036514747021598737,-0.0036425880640678088,0.0036514747021598737
b/q,antisymmetric_spin_orbit,2,1^1F_3;1^3F_3,8.881784197001252e-16,0.0,0.0,0.0,16.34771566794324,-16.34771566794324,16.34771566794324
b/q,antisymmetric_spin_orbit,2,1^1G_4;1^3G_4,8.881784197001252e-16,2.220446049250313e-16,0.0,2.842170943040401e-14,17.984268445604634,-17.984268445604634,17.984268445604634
b/s,tensor_mixing,5,1^3S_1;2^3S_1;3^3S_1;1^3D_1;2^3D_1,8.07502258419121e-15,1.3184711606564805e-15,7.105427357601002e-15,2.842170943040401e-14,0.054659010610969005,-0.054659010610969005,0.025220977313722415
b/s,antisymmetric_spin_orbit,4,1^1P_1;2^1P_1;1^3P_1;2^3P_1,4.0245584642661925e-15,2.2408213716551282e-14,3.552713678800501e-15,2.842170943040401e-14,5.501945047615919,-1.9917630010102272,5.501945047615919
b/s,tensor_mixing,3,1^3P_2;2^3P_2;1^3F_2,1.848454589804642e-15,4.1559629205384883e-16,3.552713678800501e-15,0.0,0.010781878720500515,-0.010748622147893627,0.010781878720500515
b/s,antisymmetric_spin_orbit,4,1^1D_2;2^1D_2;1^3D_2;2^3D_2,5.329070518200751e-15,9.38918317927064e-16,3.552713678800501e-15,5.684341886080802e-14,11.732963702136168,-11.732963702136168,11.295765688521087
b/s,tensor_mixing,3,1^3D_3;2^3D_3;1^3G_3,2.4475965687813933e-15,4.3784244774318056e-16,0.0,2.842170943040401e-14,0.0037450121839199824,-0.0037391670915098985,0.0037450121839199824
b/s,antisymmetric_spin_orbit,2,1^1F_3;1^3F_3,8.881784197001252e-16,2.220446049250313e-16,0.0,1.4210854715202004e-14,15.820932828793488,-15.820932828793488,15.820932828793488
b/s,antisymmetric_spin_orbit,2,1^1G_4;1^3G_4,0.0,2.220446049250313e-16,0.0,1.4210854715202004e-14,17.84155071175597,-17.84155071175597,17.84155071175597
b/c,tensor_mixing,5,1^3S_1;2^3S_1;3^3S_1;1^3D_1;2^3D_1,5.523156259602813e-15,8.123529910924814e-16,7.105427357601002e-15,8.526512829121202e-14,0.06547015716762417,-0.06547015716762417,0.03284722688601249
b/c,antisymmetric_spin_orbit,4,1^1P_1;2^1P_1;1^3P_1;2^3P_1,4.989064716909297e-15,7.14635535840514e-16,3.552713678800501e-15,5.684341886080802e-14,1.0474398894215753,-1.0474398894215753,0.2766795511037756
b/c,tensor_mixing,3,1^3P_2;2^3P_2;1^3F_2,3.598558625695313e-15,3.471066836290789e-16,0.0,2.842170943040401e-14,0.009092318192571724,-0.009092316878067663,0.009092318192571724
b/c,antisymmetric_spin_orbit,4,1^1D_2;2^1D_2;1^3D_2;2^3D_2,4.891920202254596e-15,7.132975007146584e-15,7.105427357601002e-15,8.526512829121202e-14,2.440134895877577,-2.440134895877577,2.0047763790120854
b/c,tensor_mixing,3,1^3D_3;2^3D_3;1^3G_3,2.107861394516587e-15,6.725976820142691e-16,0.0,0.0,0.0031530589836847867,-0.0031528179098572195,0.0031530589836847867
b/c,antisymmetric_spin_orbit,2,1^1F_3;1^3F_3,8.881784197001252e-16,0.0,0.0,1.4210854715202004e-14,4.309210901140226,-4.309210901140226,4.309210901140226
b/c,antisymmetric_spin_orbit,2,1^1G_4;1^3G_4,8.881784197001252e-16,4.440892098500626e-16,0.0,1.4210854715202004e-14,5.5751576759579535,-5.5751576759579535,5.5751576759579535
b/b,tensor_mixing,5,1^3S_1;2^3S_1;3^3S_1;1^3D_1;2^3D_1,8.59231238134299e-15,7.612398075590846e-16,7.105427357601002e-15,1.7053025658242404e-13,0.0396767199752901,-0.0396767199752901,0.020464405004361197
b/b,tensor_mixing,3,1^3P_2;2^3P_2;1^3F_2,1.907183619202519e-15,5.91890741673544e-17,7.105427357601002e-15,5.684341886080802e-14,0.004779411055366722,-0.004776822173369055,0.004779411055366722
b/b,tensor_mixing,3,1^3D_3;2^3D_3;1^3G_3,1.2402732446213822e-14,1.3817112455522467e-15,1.4210854715202004e-14,2.2737367544323206e-13,0.0016423488240491224,-0.0016418346078239665,0.0016423488240491224
