sector,nL,theta,singlet_low,outside,gap_MeV,c_MeV,pair_repulsion_MeV,lower_shift_MeV,upper_shift_MeV,low_MeV,high_MeV
q/s,1P,4.305459326399376,0.9943639333376583,0.00024557578993046787,13.898942945836268,-1.050095393160302,0.07888922411779936,-0.22000533153487822,-0.06757084967823346,1351.5292553923887,1365.5806328200817
q/s,2P,14.183476054409095,0.9399613819794881,0.0002774427262526996,30.720925430537616,-8.294160551609306,2.096252728451847,-1.9489435151192058,2.236519696334094,1895.1481447930057,1930.0545334349965
q/s,1D,12.837532642045161,0.9506328306689753,0.00027262288740397683,13.295765040806096,-3.194347199071173,0.7276307521288531,-0.8532516313646266,0.6008236562677904,1789.6320033154402,1804.3818436438787
q/s,2D,20.14350458296001,0.8814074792831263,0.0002931767078957065,16.12297716933897,-6.83348741846422,2.506583543162782,-2.378832148119514,2.6312601232172383,2235.8622903174964,2256.995359758172
q/s,1F,12.595242710136231,0.9524488726077269,2.0816681711721685e-17,12.18483547263638,-2.865638534051938,0.6402962841677391,-0.6402962841676185,0.6402962841676185,2129.944373946108,2143.4098019870794
q/s,1G,10.816627118568016,0.9647813356533946,4.163336342344337e-17,10.535319601185478,-2.0891514611381936,0.3991553192392626,-0.399155319239064,0.399155319239064,2421.9451607461297,2433.2787909857934
c/q,1P,-25.856198474709277,0.8098046085606495,0.0017052758365243559,5.94584165043166,3.74214081526697,1.8063967112415371,-2.6257939053251356,1.0135040510008686,2454.7987715485892,2464.383911155347
c/q,2P,-30.107691892074023,0.7483704750507499,0.0017667410834419361,17.898694711341534,15.649444204377986,9.078295917879744,-8.253058474877228,9.865348329202828,2924.9031972751263,2960.9202987905483
c/q,1D,-38.12637806357427,0.6188195835522017,0.0018390050021885318,6.959741900661953,14.25159849768899,11.19042426040996,-11.924633597237388,10.472104644761782,2815.2143983490496,2844.5708784917106
c/q,2D,-37.44065507180508,0.6304097157482739,0.0018476714259497151,9.543381094794245,17.696616914470347,13.556955908291771,-12.826726980326164,14.279255932799106,3212.29273574272,3248.94209975064
c/q,1F,-39.49846907185102,0.5954307263720213,2.220446049250313e-16,6.653505454610631,17.109777464814115,14.103444305548162,-14.10344430554833,14.10344430554833,3108.668955179936,3143.529349245643
c/q,1G,-40.16866008729465,0.583923648065608,0.0,5.911667071058169,17.36041755590545,14.654420568405602,-14.654420568405602,14.654420568405602,3364.058455658795,3399.2789638666645
c/s,1P,-39.54845829884879,0.594574143668543,0.0006792489256575163,1.3262611863202878,3.4534061884469827,2.853367165404312,-3.1748409508116637,2.540136961157735,2547.066941146359,2554.108180244649
c/s,2P,-31.494729354721645,0.7270772098191286,0.0006788023799479403,9.134634955217713,8.96902017747092,5.497657032301829,-5.178299140962572,5.813003130616501,3018.2629195086,3038.3888567353965
c/s,1D,-38.43908538129737,0.6135111840470147,0.0007717901631519308,5.776086920723955,12.410775427297903,9.854332367393262,-10.162610211001066,9.548338259649292,2899.9409431816393,2925.4279785730137
c/s,2D,-37.71343759620561,0.6258077081454474,0.0007714200645186908,6.443815070961811,12.412306484730893,9.601744067634378,-9.295871350562201,9.910143301918861,3297.899633770027,3323.54946349347
c/s,1F,-39.27834191536727,0.5991991892055835,0.0,6.27013984746938,15.487774380021207,12.66682295886476,-12.666822958864898,12.666822958864898,3186.252378866122,3217.8561646313215
c/s,1G,-39.94723231548374,0.587730919267079,0.0,5.802569292548299,16.278609733625856,13.633847269087296,-13.63384726908734,13.63384726908734,3435.976568934602,3469.046832765325
b/q,1P,-28.099797534360295,0.7781507441864063,0.002623496103460521,2.323131084313701,1.71319102932075,0.9082793823897276,-2.031864531254257,-0.16311447933148315,5776.700598351839,5780.892479488076
b/q,2P,-32.43662336842482,0.7123111080075196,0.0026652377945991512,12.185282438830214,13.029138066520733,8.290637815108823,-7.169030903974694,9.364009914564875,6198.520851221656,6227.239174479026
b/q,1D,-39.679781160150746,0.5923225158318806,0.002434296286891291,5.3779901641499706,14.379377027268607,11.939647310292242,-12.81035596310165,11.087345160204265,6094.779656673429,6124.055347960884
b/q,2D,-38.974862403451496,0.6043849517725137,0.0024359208630746476,7.320730082014393,17.21767614258747,13.942096263720998,-13.076778912910925,14.799789715814526,6451.1348989141,6486.332197624839
b/q,1F,-41.13725099528639,0.5672135918293527,5.551115123125783e-17,5.077741202141439,18.71516168692975,16.34771566794318,-16.34771566794324,16.34771566794324,6358.371341726735,6396.1445142647635
b/q,1G,-41.9015465559648,0.5539728431607525,1.6653345369377348e-16,4.352479822323119,20.042706330540934,17.9842684456046,-17.984268445604634,17.984268445604634,6588.149097812246,6628.470114525779
b/s,1P,-41.07850605605119,0.5682294363181957,0.0013116582963271783,0.4452544241093648,1.6424431725074498,1.4348354422647374,-1.9917630010102272,0.8939261017077982,5856.1666115456765,5859.497555072504
b/s,2P,-33.52093474822523,0.6950291777855566,0.0013088678671765441,6.3193881410530395,7.477609162792085,4.958083051986304,-4.404108148309938,5.501945047615919,6279.637060698884,6295.862502035863
b/s,1D,-39.99584687397573,0.5868954724231976,0.0012356213614932443,4.730399742013169,13.448689270285248,11.289887588196859,-11.732963702136168,10.848972303046267,6168.303398032608,6195.615733779804
b/s,2D,-39.473963719503104,0.5958505280915168,0.0012334914911101835,5.127825068183434,13.168498311875398,10.85186158715592,-10.411774289426745,11.295765688521087,6525.972534149298,6552.807899195429
b/s,1F,-41.14817414237659,0.5670246724598368,1.6653345369377348e-16,4.898167509374218,18.10512343849591,15.820932828793218,-15.820932828793488,15.820932828793488,6425.579397527807,6462.119430694767
b/s,1G,-41.87485157946633,0.55443601245562,0.0,4.359521433163316,19.90230023210703,17.841550711755897,-17.84155071175597,17.84155071175597,6650.368018730137,6690.410641586812
b/c,1P,69.1484404673092,0.12669901630234257,0.00012293833641841,5.877056186680107,-2.618311699804708,0.9972696037834853,-1.0474398894215753,0.9462620155336054,6740.0322498911955,6747.903007982832
b/c,2P,75.81756238012795,0.06003000724517555,0.00012695097945314426,3.3202787030433,-0.8958999500970309,0.2263121816629657,-0.17550167721580578,0.2766795511037756,7145.606697485362,7149.379157416724
b/c,1D,-44.48669249296944,0.508958426707448,5.5423106455676496e-5,0.08784956571172842,2.4650395752837793,2.4215061113823357,-2.440134895877577,2.4028333193326645,7035.608370582051,7040.539188362973
b/c,2D,-44.9550125196302,0.5007851793319169,5.5408881868224125e-5,0.0057451444739342605,1.9889692708526052,1.986098772973215,-1.9674748024600675,2.0047763790120854,7371.726999314204,7375.70499564015
b/c,1F,-41.35913580291981,0.5633741436619079,0.0,1.2509224854833079,4.894873583805651,4.3092109011408875,-4.309210901140226,4.309210901140226,7265.570451584637,7275.439795872401
b/c,1G,-41.61757814602986,0.5588973346607469,0.0,1.4888231390521867,6.275572233958059,5.575157675958099,-5.5751576759579535,5.5751576759579535,7464.638294966384,7477.277433457351
