sector,state,mechanism,before_MeV,after_MeV,shift_MeV,impurity
q/q,1^3S_1,tensor_mixing,771.1896047422755,769.758821727412,-1.4307830148634348,0.0014937423966052688
q/q,2^3S_1,tensor_mixing,1455.5645864031276,1455.0825166703494,-0.4820697327783119,0.002126576791121826
q/q,3^3S_1,tensor_mixing,1997.8462827007206,1997.8324069399,-0.013875760820569738,0.00022258329166069402
q/q,1^3P_2,tensor_mixing,1306.5330702767471,1306.330444428548,-0.20262584819907836,0.0002707916578204017
q/q,2^3P_2,tensor_mixing,1823.146893722214,1823.1387983573798,-0.008095364834259655,3.497823166898062e-5
q/q,1^3D_1,tensor_mixing,1664.3230378548005,1665.9100079835393,1.5869701287387628,0.0033996714613238055
q/q,1^3D_3,tensor_mixing,1683.1277551077353,1683.0776421924277,-0.05011291530765405,7.292035902606298e-5
q/q,2^3D_1,tensor_mixing,2153.0387040863557,2153.378462466078,0.3397583797224435,0.00044053027168045045
q/q,2^3D_3,tensor_mixing,2131.0035984934802,2131.0033157613807,-0.00028273209951024114,1.1815521101521398e-6
q/q,1^3F_2,tensor_mixing,2054.408817164605,2054.619538377639,0.2107212130342262,0.0003057481338708534
q/q,1^3G_3,tensor_mixing,2370.2559507192495,2370.306346366658,0.05039564740894065,7.410168373656045e-5
q/s,1^3S_1,tensor_mixing,902.7232566168351,901.6532062066502,-1.0700504101848196,0.0011328220696358304
q/s,2^3S_1,tensor_mixing,1578.9676457419932,1578.6259184411344,-0.3417273008587962,0.0016046547340548
q/s,3^3S_1,tensor_mixing,2105.808857601704,2105.773149746879,-0.03570785482498451,0.00025910679309604223
q/s,1^1P_1,antisymmetric_spin_orbit,1351.7492607239237,1351.5292553923887,-0.22000533153487822,0.005880258370749458
q/s,1^3P_1,antisymmetric_spin_orbit,1365.6482036697598,1365.5806328200817,-0.06757084967823346,0.005910804613953435
q/s,1^3P_2,tensor_mixing,1428.025346263265,1427.8570169885904,-0.16832927467458347,0.0002326413919621073
q/s,2^1P_1,antisymmetric_spin_orbit,1897.0970883081247,1895.1481447930057,-1.9489435151192058,0.060299403468900614
q/s,2^3P_1,antisymmetric_spin_orbit,1927.8180137386626,1930.0545334349965,2.236519696334094,0.06026634542138942
q/s,2^3P_2,tensor_mixing,1938.3466917357973,1938.3402068478701,-0.006484887927316052,3.0437286052120704e-5
q/s,1^1D_2,antisymmetric_spin_orbit,1790.4852549468048,1789.6320033154402,-0.8532516313646266,0.04962633359818269
q/s,1^3D_1,tensor_mixing,1775.8278927344795,1776.9808332031455,1.1529404686660971,0.0025239158343944856
q/s,1^3D_2,antisymmetric_spin_orbit,1803.781019987611,1804.3818436438787,0.6008236562677904,0.04964673548978771
q/s,1^3D_3,tensor_mixing,1794.1064813727453,1794.062088740264,-0.04439263248112724,6.684692158676064e-5
q/s,2^1D_2,antisymmetric_spin_orbit,2238.2411224656157,2235.8622903174964,-2.378832148119514,0.11885092885996462
q/s,2^3D_1,tensor_mixing,2250.518346711924,2250.812891809126,0.2945450972018371,0.00047146086694782596
q/s,2^3D_2,antisymmetric_spin_orbit,2254.364099634955,2256.995359758172,2.6312601232172383,0.11882724785595022
q/s,2^3D_3,tensor_mixing,2237.0162881758174,2237.0160250877334,-0.00026308808420694163,1.1897467439014875e-6
q/s,1^1F_3,antisymmetric_spin_orbit,2130.5846702302756,2129.944373946108,-0.6402962841676185,0.047551127392273074
q/s,1^3F_2,tensor_mixing,2151.252090662564,2151.4269048251667,0.17481416260256566,0.00026306321880387173
q/s,1^3F_3,antisymmetric_spin_orbit,2142.769505702912,2143.4098019870794,0.6402962841676185,0.047551127392273074
q/s,1^1G_4,antisymmetric_spin_orbit,2422.3443160653687,2421.9451607461297,-0.399155319239064,0.035218664346605366
q/s,1^3G_3,tensor_mixing,2458.1119187409304,2458.156574461497,0.04465572056622236,6.803646974706812e-5
q/s,1^3G_4,antisymmetric_spin_orbit,2432.8796356665543,2433.2787909857934,0.399155319239064,0.035218664346605366
s/s,1^3S_1,tensor_mixing,1017.0237486186267,1016.0941331610052,-0.929615457621491,0.0009839459294481712
s/s,2^3S_1,tensor_mixing,1688.860727572262,1688.6229466420398,-0.23778093022230884,0.001140038835988122
s/s,3^3S_1,tensor_mixing,2203.8811127508498,2203.8453103633256,-0.03580238752398657,0.00026135970373142303
s/s,1^3P_2,tensor_mixing,1539.4407935370639,1539.2941080631485,-0.14668547391538667,0.00020852753833378035
s/s,2^3P_2,tensor_mixing,2046.0750149801238,2046.0700717769398,-0.004943203184115674,2.5137571609712417e-5
s/s,1^3D_1,tensor_mixing,1878.580927869779,1879.489510925723,0.908583055943879,0.0019058060427934453
s/s,1^3D_3,tensor_mixing,1897.0290929340904,1896.9887515970124,-0.040341337077975936,6.255981466274374e-5
s/s,2^3D_1,tensor_mixing,2340.7447112648506,2341.0393269842752,0.29461571942457354,0.0004793157859075414
s/s,2^3D_3,tensor_mixing,2336.793689723998,2336.793446884149,-0.0002428398491183259,1.1844037085539938e-6
s/s,1^3F_2,tensor_mixing,2242.5865486620746,2242.7381773391753,0.1516286771008346,0.0002336542211223147
s/s,1^3G_3,tensor_mixing,2541.792944476149,2541.8335286530746,0.040584176925761994,6.374404297837533e-5
c/q,1^3S_1,tensor_mixing,2038.0174119877904,2037.741010603404,-0.2764013843865598,0.0003232561232773268
c/q,2^3S_1,tensor_mixing,2644.9274487731777,2644.85199233569,-0.07545643748807507,0.00040049975698364104
c/q,3^3S_1,tensor_mixing,3110.299079072921,3110.2790992025516,-0.01997987036927995,0.0001780004421825243
c/q,1^1P_1,antisymmetric_spin_orbit,2457.4245654539145,2454.7987715485892,-2.6257939053251356,0.19157633167063504
c/q,1^3P_1,antisymmetric_spin_orbit,2463.370407104346,2464.383911155347,1.0135040510008686,0.19159117099307776
c/q,1^3P_2,tensor_mixing,2502.0054751267553,2501.9495668797463,-0.05590824700885122,8.872687533523216e-5
c/q,2^1P_1,antisymmetric_spin_orbit,2933.1562557500038,2924.9031972751263,-8.253058474877228,0.2529517018131572
c/q,2^3P_1,antisymmetric_spin_orbit,2951.0549504613455,2960.9202987905483,9.865348329202828,0.2528072000700955
c/q,2^3P_2,tensor_mixing,2957.966879640761,2957.9659378056613,-0.0009418350996881486,5.409937107736518e-6
c/q,1^1D_2,antisymmetric_spin_orbit,2827.1390319462867,2815.2143983490496,-11.924633597237388,0.3823184287574031
c/q,1^3D_1,tensor_mixing,2816.1980310716917,2816.4682530042373,0.27022193254566673,0.0006512506261029394
c/q,1^3D_2,antisymmetric_spin_orbit,2834.098773846949,2844.5708784917106,10.472104644761782,0.3823101805021454
c/q,1^3D_3,tensor_mixing,2832.911024317157,2832.8933919619335,-0.0176323552238955,3.122936528687781e-5
c/q,2^1D_2,antisymmetric_spin_orbit,3225.1194627230466,3212.29273574272,-12.826726980326164,0.3707550742701553
c/q,2^3D_1,tensor_mixing,3230.442616757178,3230.544232516874,0.10161575969647174,0.00025047347764906025
c/q,2^3D_2,antisymmetric_spin_orbit,3234.6628438178404,3248.94209975064,14.279255932799106,0.3707026888932642
c/q,2^3D_3,tensor_mixing,3226.268379073741,3226.2683772382015,-1.8355392761293388e-6,1.0719736209807706e-8
c/q,1^1F_3,antisymmetric_spin_orbit,3122.772399485484,3108.668955179936,-14.10344430554833,0.4045692736279788
c/q,1^3F_2,tensor_mixing,3132.0107769519987,3132.067627034106,0.05685008210765119,9.413582599182568e-5
c/q,1^3F_3,antisymmetric_spin_orbit,3129.425904940095,3143.529349245643,14.10344430554833,0.4045692736279788
c/q,1^1G_4,antisymmetric_spin_orbit,3378.712876227201,3364.058455658795,-14.654420568405602,0.41607635193439196
c/q,1^3G_3,tensor_mixing,3397.4839456325203,3397.501579823284,0.01763419076317163,3.124008426969027e-5
c/q,1^3G_4,antisymmetric_spin_orbit,3384.6245432982587,3399.2789638666645,14.654420568405602,0.41607635193439196
c/s,1^3S_1,tensor_mixing,2124.67596119163,2124.3850295557245,-0.2909316359058778,0.0003365036255100762
c/s,2^3S_1,tensor_mixing,2734.414728032351,2734.3577612983263,-0.05696673402466601,0.00030200263828839
c/s,3^3S_1,tensor_mixing,3193.2883005396516,3193.270044804058,-0.01825573559344207,0.00018274071476176434
c/s,1^1P_1,antisymmetric_spin_orbit,2550.241782097171,2547.066941146359,-3.1748409508116637,0.4058297201797676
c/s,1^3P_1,antisymmetric_spin_orbit,2551.568043283491,2554.108180244649,2.540136961157735,0.4058164182134989
c/s,1^3P_2,tensor_mixing,2591.0506696133975,2590.9965444036193,-0.05412520977854385,8.772209854035484e-5
c/s,2^1P_1,antisymmetric_spin_orbit,3023.4412186495624,3018.2629195086,-5.178299140962572,0.27341633192130255
c/s,2^3P_1,antisymmetric_spin_orbit,3032.57585360478,3038.3888567353965,5.813003130616501,0.2734005263715712
c/s,2^3P_2,tensor_mixing,3049.248334613086,3049.2476337202984,-0.0007008927878082716,4.415034329796619e-6
c/s,1^1D_2,antisymmetric_spin_orbit,2910.1035533926406,2899.9409431816393,-10.162610211001066,0.3869623178498165
c/s,1^3D_1,tensor_mixing,2898.2680440949403,2898.515616762104,0.2475726671633538,0.0005512378721256317
c/s,1^3D_2,antisymmetric_spin_orbit,2915.8796403133642,2925.4279785730137,9.548338259649292,0.38696136325462827
c/s,1^3D_3,tensor_mixing,2916.0675303816083,2916.050296156305,-0.017234225303308648,3.1194933413969395e-5
c/s,2^1D_2,antisymmetric_spin_orbit,3307.195505120589,3297.899633770027,-9.295871350562201,0.3746750524771465
c/s,2^3D_1,tensor_mixing,3305.6263708348088,3305.744952273173,0.11858143836418478,0.00027006966019738066
c/s,2^3D_2,antisymmetric_spin_orbit,3313.6393201915507,3323.54946349347,9.910143301918861,0.37467601449197563
c/s,2^3D_3,tensor_mixing,3310.965169283322,3310.965163453595,-5.829727367512305e-6,3.700212880541898e-8
c/s,1^1F_3,antisymmetric_spin_orbit,3198.919201824987,3186.252378866122,-12.666822958864898,0.40080081079441643
c/s,1^3F_2,tensor_mixing,3207.950683528929,3208.0055096314986,0.05482610256990483,9.213638426075477e-5
c/s,1^3F_3,antisymmetric_spin_orbit,3205.1893416724565,3217.8561646313215,12.666822958864898,0.40080081079441643
c/s,1^1G_4,antisymmetric_spin_orbit,3449.610416203689,3435.976568934602,-13.63384726908734,0.412269080732921
c/s,1^3G_3,tensor_mixing,3468.5017993990573,3468.5190394540896,0.017240055032008428,3.123193310017314e-5
c/s,1^3G_4,antisymmetric_spin_orbit,3455.4129854962375,3469.046832765325,13.63384726908734,0.412269080732921
c/c,1^3S_1,tensor_mixing,3091.2327985530474,3091.022058343552,-0.21074020949551908,0.00025111312449377365
c/c,2^3S_1,tensor_mixing,3678.84725236448,3678.827966860007,-0.019285504472943416,8.703733946946457e-5
c/c,3^3S_1,tensor_mixing,4099.673922161502,4099.669042786136,-0.004879375365973715,5.724870507006763e-5
c/c,1^3P_2,tensor_mixing,3548.1367747545846,3548.10537311053,-0.03140164405479595,5.7802649980898124e-5
c/c,2^3P_2,tensor_mixing,3979.408139551309,3979.4080672355904,-7.231571874655174e-5,6.459561507909939e-7
c/c,1^3D_1,tensor_mixing,3818.1030329806863,3818.2403323685467,0.13729938786033458,0.0002457526273207389
c/c,1^3D_3,tensor_mixing,3847.695165212325,3847.684696059479,-0.010469152845971053,2.2048353757075922e-5
c/c,2^3D_1,tensor_mixing,4193.965542475446,4194.063148176917,0.0976057014714371,0.00014976476166528307
c/c,2^3D_3,tensor_mixing,4216.504292802215,4216.504289979614,-2.822600819740728e-6,2.6626687743558364e-8
c/c,1^3F_2,tensor_mixing,4091.330146039875,4091.361619999652,0.03147395977620704,5.844854437908609e-5
c/c,1^3G_3,tensor_mixing,4322.501191519275,4322.511663494725,0.010471975450343507,2.2074979423414298e-5
b/q,1^3S_1,tensor_mixing,5369.305232388923,5369.257604588222,-0.04762780070066697,5.814824157102105e-5
b/q,2^3S_1,tensor_mixing,5933.475297803526,5933.464648265988,-0.01064953753715514,5.228532299805799e-5
b/q,3^3S_1,tensor_mixing,6354.687486131165,6354.683794565534,-0.003691565631847027,3.567842845297875e-5
b/q,1^1P_1,antisymmetric_spin_orbit,5778.732462883094,5776.700598351839,-2.031864531254257,0.2238907312588717
b/q,1^3P_1,antisymmetric_spin_orbit,5781.055593967407,5780.892479488076,-0.16311447933148315,0.22383206363503338
b/q,1^3P_2,tensor_mixing,5796.854369368157,5796.843932985264,-0.01043638289388582,1.7692901543076012e-5
b/q,2^1P_1,antisymmetric_spin_orbit,6205.689882125631,6198.520851221656,-7.169030903974694,0.2895873704790548
b/q,2^3P_1,antisymmetric_spin_orbit,6217.875164564461,6227.239174479026,9.364009914564875,0.289421783855051
b/q,2^3P_2,tensor_mixing,6213.723637311255,6213.723578825506,-5.84857486884971e-5,3.381042913419563e-7
b/q,1^1D_2,antisymmetric_spin_orbit,6107.59001263653,6094.779656673429,-12.81035596310165,0.4091193726690511
b/q,1^3D_1,tensor_mixing,6109.433409733796,6109.475267377036,0.04185764324038388,9.553509905191326e-5
b/q,1^3D_2,antisymmetric_spin_orbit,6112.96800280068,6124.055347960884,11.087345160204265,0.4090876765229191
b/q,1^3D_3,tensor_mixing,6105.349612993581,6105.345970405517,-0.0036425880640678088,7.043778293414071e-6
b/q,2^1D_2,antisymmetric_spin_orbit,6464.21167782701,6451.1348989141,-13.076778912910925,0.3970872821408373
b/q,2^3D_1,tensor_mixing,6474.699846545448,6474.719957806078,0.020111260630173433,5.057853558732006e-5
b/q,2^3D_2,antisymmetric_spin_orbit,6471.532407909024,6486.332197624839,14.799789715814526,0.3970447746257243
b/q,2^3D_3,tensor_mixing,6459.481437622916,6459.481428736284,-8.886631874815976e-6,5.451945994661145e-8
b/q,1^1F_3,antisymmetric_spin_orbit,6374.719057394679,6358.371341726735,-16.34771566794324,0.4327864081706473
b/q,1^3F_2,tensor_mixing,6386.696267624003,6386.706762492646,0.010494868643462496,1.803099282793319e-5
b/q,1^3F_3,antisymmetric_spin_orbit,6379.796798596821,6396.1445142647635,16.34771566794324,0.4327864081706473
b/q,1^1G_4,antisymmetric_spin_orbit,6606.133366257851,6588.149097812246,-17.984268445604634,0.44602715683924765
b/q,1^3G_3,tensor_mixing,6622.477874377857,6622.48152585256,0.0036514747021598737,7.098296853524921e-6
b/q,1^3G_4,antisymmetric_spin_orbit,6610.485846080173,6628.470114525779,17.984268445604634,0.44602715683924765
b/s,1^3S_1,tensor_mixing,5447.365942031972,5447.311283021361,-0.054659010610969005,6.609896186637876e-5
b/s,2^3S_1,tensor_mixing,6013.294891192512,6013.286257264137,-0.008633928374912614,4.080614928214654e-5
b/s,3^3S_1,tensor_mixing,6429.028069427025,6429.024648976562,-0.0034204504624213428,3.6902073824451875e-5
b/s,1^1P_1,antisymmetric_spin_orbit,5858.158374546687,5856.1666115456765,-1.9917630010102272,0.43251588653616846
b/s,1^3P_1,antisymmetric_spin_orbit,5858.603628970796,5859.497555072504,0.8939261017077982,0.432480778470697
b/s,1^3P_2,tensor_mixing,5875.575989703839,5875.56524108169,-0.010748622147893627,1.8603734098898705e-5
b/s,2^1P_1,antisymmetric_spin_orbit,6284.041168847194,6279.637060698884,-4.404108148309938,0.305880523571997
b/s,2^3P_1,antisymmetric_spin_orbit,6290.3605569882475,6295.862502035863,5.501945047615919,0.30584962280205885
b/s,2^3P_2,tensor_mixing,6294.8452899494605,6294.845256692887,-3.325657349506628e-5,2.0983993509471333e-7
b/s,1^1D_2,antisymmetric_spin_orbit,6180.036361734745,6168.303398032608,-11.732963702136168,0.41382970815949216
b/s,1^3D_1,tensor_mixing,6181.109224278454,6181.150716690591,0.041492412136356904,8.690140352385356e-5
b/s,1^3D_2,antisymmetric_spin_orbit,6184.766761476758,6195.615733779804,10.848972303046267,0.4138247487259823
b/s,1^3D_3,tensor_mixing,6178.433630002061,6178.42989083497,-0.0037391670915098985,7.3820636219412705e-6
b/s,2^1D_2,antisymmetric_spin_orbit,6536.3843084387245,6525.972534149298,-10.411774289426745,0.4048844484648576
b/s,2^3D_1,tensor_mixing,6541.437106633486,6541.4623276108,0.025220977313722415,5.691134076668547e-5
b/s,2^3D_2,antisymmetric_spin_orbit,6541.512133506908,6552.807899195429,11.295765688521087,0.4048933199800555
b/s,2^3D_3,tensor_mixing,6534.455593807915,6534.455587962821,-5.845093298262327e-6,3.8839309213223316e-8
b/s,1^1F_3,antisymmetric_spin_orbit,6441.4003303566,6425.579397527807,-15.820932828793488,0.4329753275401633
b/s,1^3F_2,tensor_mixing,6453.32144219156,6453.33222407028,0.010781878720500515,1.8813566063591303e-5
b/s,1^3F_3,antisymmetric_spin_orbit,6446.298497865974,6462.119430694767,15.820932828793488,0.4329753275401633
b/s,1^1G_4,antisymmetric_spin_orbit,6668.209569441893,6650.368018730137,-17.84155071175597,0.44556398754437987
b/s,1^3G_3,tensor_mixing,6684.946730150996,6684.950475163179,0.0037450121839199824,7.420902299881682e-6
b/s,1^3G_4,antisymmetric_spin_orbit,6672.569090875056,6690.410641586812,17.84155071175597,0.44556398754437987
b/c,1^3S_1,tensor_mixing,6332.916307409464,6332.8508372522965,-0.06547015716762417,8.088289527563575e-5
b/c,2^3S_1,tensor_mixing,6888.616486702685,6888.61149102058,-0.004995682104436128,1.6701686280318206e-5
b/c,3^3S_1,tensor_mixing,7271.933400693011,7271.932764182812,-0.0006365101992145128,7.3535094455845496e-6
b/c,1^1P_1,antisymmetric_spin_orbit,6746.956745967298,6747.903007982832,0.9462620155336054,0.12681118048507667
b/c,1^3P_1,antisymmetric_spin_orbit,6741.079689780618,6740.0322498911955,-1.0474398894215753,0.1268063784724709
b/c,1^3P_2,tensor_mixing,6766.286359536314,6766.277267219437,-0.009092316878067663,1.810303124716306e-5
b/c,2^1P_1,antisymmetric_spin_orbit,7149.102477865621,7149.379157416724,0.2766795511037756,0.06014544328036764
b/c,2^3P_1,antisymmetric_spin_orbit,7145.782199162578,7145.606697485362,-0.17550167721580578,0.06014933735641237
b/c,2^3P_2,tensor_mixing,7163.397230594234,7163.397230592917,-1.3171685964152857e-9,1.2508660773846714e-11
b/c,1^1D_2,antisymmetric_spin_orbit,7038.048505477928,7035.608370582051,-2.440134895877577,0.491069781349617
b/c,1^3D_1,tensor_mixing,7027.4192270780895,7027.457482200668,0.038255122578156886,6.229294688797626e-5
b/c,1^3D_2,antisymmetric_spin_orbit,7038.136355043641,7040.539188362973,2.4028333193326645,0.4910691905391811
b/c,1^3D_3,tensor_mixing,7044.737187188367,7044.734034370456,-0.0031528179098572195,7.355261638086752e-6
b/c,2^1D_2,antisymmetric_spin_orbit,7373.6944741166635,7371.726999314204,-1.9674748024600675,0.4992425686149261
b/c,2^3D_1,tensor_mixing,7364.994077173586,7365.026924400472,0.03284722688601249,4.266165699984281e-5
b/c,2^3D_2,antisymmetric_spin_orbit,7373.700219261138,7375.70499564015,2.0047763790120854,0.4992434626427461
b/c,2^3D_3,tensor_mixing,7379.395217211787,7379.395216970714,-2.410729393886868e-7,2.5649677937167326e-9
b/c,1^1F_3,antisymmetric_spin_orbit,7269.879662485778,7265.570451584637,-4.309210901140226,0.43662585633809214
b/c,1^3F_2,tensor_mixing,7268.522010373901,7268.531102692094,0.009092318192571724,1.8103043755268722e-5
b/c,1^3F_3,antisymmetric_spin_orbit,7271.130584971261,7275.439795872401,4.309210901140226,0.43662585633809214
b/c,1^1G_4,antisymmetric_spin_orbit,7470.2134526423415,7464.638294966384,-5.5751576759579535,0.4411026653392529
b/c,1^3G_3,tensor_mixing,7473.3788436831555,7473.38199674214,0.0031530589836847867,7.357826573795023e-6
b/c,1^3G_4,antisymmetric_spin_orbit,7471.702275781394,7477.277433457351,5.5751576759579535,0.4411026653392529
b/b,1^3S_1,tensor_mixing,9458.30630685404,9458.266630134063,-0.0396767199752901,5.0119100226453384e-5
b/b,2^3S_1,tensor_mixing,10003.535671694888,10003.533236588453,-0.002435106434717227,7.033287969804292e-6
b/b,3^3S_1,tensor_mixing,10352.80335916346,10352.803348460367,-1.0703091746222526e-5,2.4050664948482847e-7
b/b,1^3P_2,tensor_mixing,9895.550476949766,9895.545700127592,-0.004776822173369055,1.0518143256033063e-5
b/b,2^3P_2,tensor_mixing,10260.3979991395,10260.39799655062,-2.588880221310319e-6,2.8991425704560925e-8
b/b,1^3D_1,tensor_mixing,10137.11706619372,10137.138724318222,0.02165812450272142,3.364413951523204e-5
b/b,1^3D_3,tensor_mixing,10154.53487733284,10154.533235498233,-0.0016418346078239665,4.392190922075656e-6
b/b,2^3D_1,tensor_mixing,10440.656566364694,10440.677030769699,0.020464405004361197,2.3756879656944285e-5
b/b,2^3D_3,tensor_mixing,10455.069360192047,10455.069359677842,-5.142055670148693e-7,7.017870062853149e-9
b/b,1^3F_2,tensor_mixing,10349.691629740762,10349.696409151818,0.004779411055366722,1.0547134190908025e-5
b/b,1^3G_3,tensor_mixing,10528.33925474536,10528.340897094184,0.0016423488240491224,4.399208743843808e-6
