clean_id,source,page,figure,panel,panel_label,sector,quark_content,jp_or_jpc,state_label,n,L,S,J,P,C,mass_model_MeV,mass_exp_MeV,assignment,source_status,confidence,provenance_file,provenance_row,extraction_method,notes
GI1985-M0001,Godfrey-Isgur-1985.pdf,10,9,a,(a) b ubar; -b dbar,bottom_light,b ubar; -b dbar,0-,1^1S_0,1,S,0,0,-,,5310.0,,1^1S_0,model_label,high,data/reference_spectrum_b_flavored.csv,2,manual_from_page_screenshot,
GI1985-M0002,Godfrey-Isgur-1985.pdf,10,9,a,(a) b ubar; -b dbar,bottom_light,b ubar; -b dbar,0-,2^1S_0,2,S,0,0,-,,5900.0,,2^1S_0,model_label,high,data/reference_spectrum_b_flavored.csv,3,manual_from_page_screenshot,
GI1985-M0003,Godfrey-Isgur-1985.pdf,10,9,a,(a) b ubar; -b dbar,bottom_light,b ubar; -b dbar,1-,1^3S_1,1,S,1,1,-,,5370.0,,1^3S_1,model_label,high,data/reference_spectrum_b_flavored.csv,4,manual_from_page_screenshot,
GI1985-M0004,Godfrey-Isgur-1985.pdf,10,9,a,(a) b ubar; -b dbar,bottom_light,b ubar; -b dbar,1-,2^3S_1,2,S,1,1,-,,5930.0,,2^3S_1,model_label,high,data/reference_spectrum_b_flavored.csv,5,manual_from_page_screenshot,
GI1985-M0005,Godfrey-Isgur-1985.pdf,10,9,a,(a) b ubar; -b dbar,bottom_light,b ubar; -b dbar,2+,1^3P_2,1,P,1,2,+,,5800.0,,1^3P_2,model_label,high,data/reference_spectrum_b_flavored.csv,6,manual_from_page_screenshot,
GI1985-M0006,Godfrey-Isgur-1985.pdf,10,9,a,(a) b ubar; -b dbar,bottom_light,b ubar; -b dbar,3-,1^3D_3,1,D,1,3,-,,6110.0,,1^3D_3,model_label,medium,data/reference_spectrum_b_flavored.csv,7,manual_from_page_screenshot,
GI1985-M0007,Godfrey-Isgur-1985.pdf,10,9,a,(a) b ubar; -b dbar,bottom_light,b ubar; -b dbar,4+,1^3F_4,1,F,1,4,+,,6360.0,,1^3F_4,model_label,medium,data/reference_spectrum_b_flavored.csv,8,manual_from_page_screenshot,
GI1985-M0008,Godfrey-Isgur-1985.pdf,10,9,b,(b) b sbar,bottom_strange,b sbar,0-,1^1S_0,1,S,0,0,-,,5390.0,,1^1S_0,model_label,high,data/reference_spectrum_b_flavored.csv,9,manual_from_page_screenshot,
GI1985-M0009,Godfrey-Isgur-1985.pdf,10,9,b,(b) b sbar,bottom_strange,b sbar,0-,2^1S_0,2,S,0,0,-,,5980.0,,2^1S_0,model_label,high,data/reference_spectrum_b_flavored.csv,10,manual_from_page_screenshot,
GI1985-M0010,Godfrey-Isgur-1985.pdf,10,9,b,(b) b sbar,bottom_strange,b sbar,1-,1^3S_1,1,S,1,1,-,,5450.0,,1^3S_1,model_label,high,data/reference_spectrum_b_flavored.csv,11,manual_from_page_screenshot,
GI1985-M0011,Godfrey-Isgur-1985.pdf,10,9,b,(b) b sbar,bottom_strange,b sbar,1-,2^3S_1,2,S,1,1,-,,6010.0,,2^3S_1,model_label,high,data/reference_spectrum_b_flavored.csv,12,manual_from_page_screenshot,
GI1985-M0012,Godfrey-Isgur-1985.pdf,10,9,b,(b) b sbar,bottom_strange,b sbar,2+,1^3P_2,1,P,1,2,+,,5880.0,,1^3P_2,model_label,high,data/reference_spectrum_b_flavored.csv,13,manual_from_page_screenshot,
GI1985-M0013,Godfrey-Isgur-1985.pdf,10,9,b,(b) b sbar,bottom_strange,b sbar,3-,1^3D_3,1,D,1,3,-,,6180.0,,1^3D_3,model_label,medium,data/reference_spectrum_b_flavored.csv,14,manual_from_page_screenshot,
GI1985-M0014,Godfrey-Isgur-1985.pdf,10,9,b,(b) b sbar,bottom_strange,b sbar,4+,1^3F_4,1,F,1,4,+,,6430.0,,1^3F_4,model_label,medium,data/reference_spectrum_b_flavored.csv,15,manual_from_page_screenshot,
GI1985-M0015,Godfrey-Isgur-1985.pdf,10,9,c,(c) b cbar,bottom_charm,b cbar,0-,1^1S_0,1,S,0,0,-,,6270.0,,1^1S_0,model_label,high,data/reference_spectrum_b_flavored.csv,16,manual_from_page_screenshot,
GI1985-M0016,Godfrey-Isgur-1985.pdf,10,9,c,(c) b cbar,bottom_charm,b cbar,0-,2^1S_0,2,S,0,0,-,,6850.0,,2^1S_0,model_label,high,data/reference_spectrum_b_flavored.csv,17,manual_from_page_screenshot,
GI1985-M0017,Godfrey-Isgur-1985.pdf,10,9,c,(c) b cbar,bottom_charm,b cbar,1-,1^3S_1,1,S,1,1,-,,6340.0,,1^3S_1,model_label,high,data/reference_spectrum_b_flavored.csv,18,manual_from_page_screenshot,
GI1985-M0018,Godfrey-Isgur-1985.pdf,10,9,c,(c) b cbar,bottom_charm,b cbar,1-,2^3S_1,2,S,1,1,-,,6890.0,,2^3S_1,model_label,high,data/reference_spectrum_b_flavored.csv,19,manual_from_page_screenshot,
GI1985-M0019,Godfrey-Isgur-1985.pdf,10,9,c,(c) b cbar,bottom_charm,b cbar,2+,1^3P_2,1,P,1,2,+,,6770.0,,1^3P_2,model_label,high,data/reference_spectrum_b_flavored.csv,20,manual_from_page_screenshot,
GI1985-M0020,Godfrey-Isgur-1985.pdf,10,9,c,(c) b cbar,bottom_charm,b cbar,3-,1^3D_3,1,D,1,3,-,,7040.0,,1^3D_3,model_label,medium,data/reference_spectrum_b_flavored.csv,21,manual_from_page_screenshot,
GI1985-M0021,Godfrey-Isgur-1985.pdf,10,9,c,(c) b cbar,bottom_charm,b cbar,4+,1^3F_4,1,F,1,4,+,,7270.0,,1^3F_4,model_label,medium,data/reference_spectrum_b_flavored.csv,22,manual_from_page_screenshot,
GI1985-M0022,Godfrey-Isgur-1985.pdf,9,8,main,Fig. 8,bottomonium,b bbar,0-+,1^1S_0,1,S,0,0,-,+,9400.0,,1^1S_0,model_label,high,data/reference_spectrum_bottomonium.csv,2,manual_from_page_screenshot,
GI1985-M0023,Godfrey-Isgur-1985.pdf,9,8,main,Fig. 8,bottomonium,b bbar,0-+,2^1S_0,2,S,0,0,-,+,9980.0,,2^1S_0,model_label,high,data/reference_spectrum_bottomonium.csv,3,manual_from_page_screenshot,
GI1985-M0024,Godfrey-Isgur-1985.pdf,9,8,main,Fig. 8,bottomonium,b bbar,0-+,3^1S_0,3,S,0,0,-,+,10340.0,,3^1S_0,model_label,high,data/reference_spectrum_bottomonium.csv,4,manual_from_page_screenshot,
GI1985-M0025,Godfrey-Isgur-1985.pdf,9,8,main,Fig. 8,bottomonium,b bbar,1--,1^3S_1,1,S,1,1,-,-,9460.0,,1^3S_1,model_label,high,data/reference_spectrum_bottomonium.csv,5,manual_from_page_screenshot,
GI1985-M0026,Godfrey-Isgur-1985.pdf,9,8,main,Fig. 8,bottomonium,b bbar,1--,2^3S_1,2,S,1,1,-,-,10000.0,,2^3S_1,model_label,high,data/reference_spectrum_bottomonium.csv,6,manual_from_page_screenshot,
GI1985-M0027,Godfrey-Isgur-1985.pdf,9,8,main,Fig. 8,bottomonium,b bbar,1--,1^3D_1,1,D,1,1,-,-,10140.0,,1^3D_1,model_label,high,data/reference_spectrum_bottomonium.csv,7,manual_from_page_screenshot,
GI1985-M0028,Godfrey-Isgur-1985.pdf,9,8,main,Fig. 8,bottomonium,b bbar,1--,3^3S_1,3,S,1,1,-,-,10350.0,,3^3S_1,model_label,high,data/reference_spectrum_bottomonium.csv,8,manual_from_page_screenshot,
GI1985-M0029,Godfrey-Isgur-1985.pdf,9,8,main,Fig. 8,bottomonium,b bbar,1--,2^3D_1,2,D,1,1,-,-,10440.0,,2^3D_1,model_label,high,data/reference_spectrum_bottomonium.csv,9,manual_from_page_screenshot,
GI1985-M0030,Godfrey-Isgur-1985.pdf,9,8,main,Fig. 8,bottomonium,b bbar,1--,4^3S_1,4,S,1,1,-,-,10630.0,,4^3S_1,model_label,medium,data/reference_spectrum_bottomonium.csv,10,manual_from_page_screenshot,
GI1985-M0031,Godfrey-Isgur-1985.pdf,9,8,main,Fig. 8,bottomonium,b bbar,1--,3^3D_1,3,D,1,1,-,-,10700.0,,3^3D_1,model_label,medium,data/reference_spectrum_bottomonium.csv,11,manual_from_page_screenshot,
GI1985-M0032,Godfrey-Isgur-1985.pdf,9,8,main,Fig. 8,bottomonium,b bbar,1--,5^3S_1,5,S,1,1,-,-,10880.0,,5^3S_1,model_label,medium,data/reference_spectrum_bottomonium.csv,12,manual_from_page_screenshot,
GI1985-M0033,Godfrey-Isgur-1985.pdf,9,8,main,Fig. 8,bottomonium,b bbar,1--,6^3S_1,6,S,1,1,-,-,11100.0,,6^3S_1,model_label,medium,data/reference_spectrum_bottomonium.csv,13,manual_from_page_screenshot,
GI1985-M0034,Godfrey-Isgur-1985.pdf,9,8,main,Fig. 8,bottomonium,b bbar,1+-,1^1P_1,1,P,0,1,+,-,9880.0,,1^1P_1,model_label,high,data/reference_spectrum_bottomonium.csv,14,manual_from_page_screenshot,
GI1985-M0035,Godfrey-Isgur-1985.pdf,9,8,main,Fig. 8,bottomonium,b bbar,1+-,2^1P_1,2,P,0,1,+,-,10250.0,,2^1P_1,model_label,high,data/reference_spectrum_bottomonium.csv,15,manual_from_page_screenshot,
GI1985-M0036,Godfrey-Isgur-1985.pdf,9,8,main,Fig. 8,bottomonium,b bbar,0++,1^3P_0,1,P,1,0,+,+,9850.0,,1^3P_0,model_label,high,data/reference_spectrum_bottomonium.csv,16,manual_from_page_screenshot,
GI1985-M0037,Godfrey-Isgur-1985.pdf,9,8,main,Fig. 8,bottomonium,b bbar,0++,2^3P_0,2,P,1,0,+,+,10230.0,,2^3P_0,model_label,high,data/reference_spectrum_bottomonium.csv,17,manual_from_page_screenshot,
GI1985-M0038,Godfrey-Isgur-1985.pdf,9,8,main,Fig. 8,bottomonium,b bbar,1++,1^3P_1,1,P,1,1,+,+,9880.0,,1^3P_1,model_label,high,data/reference_spectrum_bottomonium.csv,18,manual_from_page_screenshot,
GI1985-M0039,Godfrey-Isgur-1985.pdf,9,8,main,Fig. 8,bottomonium,b bbar,1++,2^3P_1,2,P,1,1,+,+,10250.0,,2^3P_1,model_label,high,data/reference_spectrum_bottomonium.csv,19,manual_from_page_screenshot,
GI1985-M0040,Godfrey-Isgur-1985.pdf,9,8,main,Fig. 8,bottomonium,b bbar,2++,1^3P_2,1,P,1,2,+,+,9900.0,,1^3P_2,model_label,high,data/reference_spectrum_bottomonium.csv,20,manual_from_page_screenshot,
GI1985-M0041,Godfrey-Isgur-1985.pdf,9,8,main,Fig. 8,bottomonium,b bbar,2++,2^3P_2,2,P,1,2,+,+,10260.0,,2^3P_2,model_label,high,data/reference_spectrum_bottomonium.csv,21,manual_from_page_screenshot,
GI1985-M0042,Godfrey-Isgur-1985.pdf,9,8,main,Fig. 8,bottomonium,b bbar,2++,1^3F_2,1,F,1,2,+,+,10350.0,,1^3F_2,model_label,medium,data/reference_spectrum_bottomonium.csv,22,manual_from_page_screenshot,
GI1985-M0043,Godfrey-Isgur-1985.pdf,9,8,main,Fig. 8,bottomonium,b bbar,2-+,1^1D_2,1,D,0,2,-,+,10150.0,,1^1D_2,model_label,high,data/reference_spectrum_bottomonium.csv,23,manual_from_page_screenshot,
GI1985-M0044,Godfrey-Isgur-1985.pdf,9,8,main,Fig. 8,bottomonium,b bbar,2-+,2^1D_2,2,D,0,2,-,+,10450.0,,2^1D_2,model_label,high,data/reference_spectrum_bottomonium.csv,24,manual_from_page_screenshot,
GI1985-M0045,Godfrey-Isgur-1985.pdf,9,8,main,Fig. 8,bottomonium,b bbar,2--,1^3D_2,1,D,1,2,-,-,10150.0,,1^3D_2,model_label,high,data/reference_spectrum_bottomonium.csv,25,manual_from_page_screenshot,
GI1985-M0046,Godfrey-Isgur-1985.pdf,9,8,main,Fig. 8,bottomonium,b bbar,2--,2^3D_2,2,D,1,2,-,-,10450.0,,2^3D_2,model_label,high,data/reference_spectrum_bottomonium.csv,26,manual_from_page_screenshot,
GI1985-M0047,Godfrey-Isgur-1985.pdf,9,8,main,Fig. 8,bottomonium,b bbar,3--,1^3D_3,1,D,1,3,-,-,10160.0,,1^3D_3,model_label,high,data/reference_spectrum_bottomonium.csv,27,manual_from_page_screenshot,
GI1985-M0048,Godfrey-Isgur-1985.pdf,9,8,main,Fig. 8,bottomonium,b bbar,3--,2^3D_3,2,D,1,3,-,-,10450.0,,2^3D_3,model_label,high,data/reference_spectrum_bottomonium.csv,28,manual_from_page_screenshot,
GI1985-M0049,Godfrey-Isgur-1985.pdf,9,8,main,Fig. 8,bottomonium,b bbar,3+-,1^1F_3,1,F,0,3,+,-,10350.0,,1^1F_3,model_label,medium,data/reference_spectrum_bottomonium.csv,29,manual_from_page_screenshot,
GI1985-M0050,Godfrey-Isgur-1985.pdf,9,8,main,Fig. 8,bottomonium,b bbar,3++,1^3F_3,1,F,1,3,+,+,10350.0,,1^3F_3,model_label,medium,data/reference_spectrum_bottomonium.csv,30,manual_from_page_screenshot,
GI1985-M0051,Godfrey-Isgur-1985.pdf,9,8,main,Fig. 8,bottomonium,b bbar,4++,1^3F_4,1,F,1,4,+,+,10360.0,,1^3F_4,model_label,medium,data/reference_spectrum_bottomonium.csv,31,manual_from_page_screenshot,
GI1985-M0052,Godfrey-Isgur-1985.pdf,9,7,a,(a) -c dbar; c ubar,charmed,-c dbar; c ubar,0-,1^1S_0,1,S,0,0,-,,1880.0,,1^1S_0,model_label,high,data/reference_spectrum_charmed.csv,2,manual_from_page_screenshot,
GI1985-M0053,Godfrey-Isgur-1985.pdf,9,7,a,(a) -c dbar; c ubar,charmed,-c dbar; c ubar,0-,2^1S_0,2,S,0,0,-,,2580.0,,2^1S_0,model_label,high,data/reference_spectrum_charmed.csv,3,manual_from_page_screenshot,
GI1985-M0054,Godfrey-Isgur-1985.pdf,9,7,a,(a) -c dbar; c ubar,charmed,-c dbar; c ubar,1-,1^3S_1,1,S,1,1,-,,2040.0,,1^3S_1,model_label,high,data/reference_spectrum_charmed.csv,4,manual_from_page_screenshot,
GI1985-M0055,Godfrey-Isgur-1985.pdf,9,7,a,(a) -c dbar; c ubar,charmed,-c dbar; c ubar,1-,2^3S_1,2,S,1,1,-,,2640.0,,2^3S_1,model_label,high,data/reference_spectrum_charmed.csv,5,manual_from_page_screenshot,
GI1985-M0056,Godfrey-Isgur-1985.pdf,9,7,a,(a) -c dbar; c ubar,charmed,-c dbar; c ubar,1-,1^3D_1,1,D,1,1,-,,2820.0,,1^3D_1,model_label,high,data/reference_spectrum_charmed.csv,6,manual_from_page_screenshot,
GI1985-M0057,Godfrey-Isgur-1985.pdf,9,7,a,(a) -c dbar; c ubar,charmed,-c dbar; c ubar,0+,1^3P_0,1,P,1,0,+,,2400.0,,1^3P_0,model_label,high,data/reference_spectrum_charmed.csv,7,manual_from_page_screenshot,
GI1985-M0058,Godfrey-Isgur-1985.pdf,9,7,a,(a) -c dbar; c ubar,charmed,-c dbar; c ubar,1+,1^1P_1,1,P,0,1,+,,2440.0,,1^1P_1,model_label,high,data/reference_spectrum_charmed.csv,8,manual_from_page_screenshot,
GI1985-M0059,Godfrey-Isgur-1985.pdf,9,7,a,(a) -c dbar; c ubar,charmed,-c dbar; c ubar,1+,1^3P_1,1,P,1,1,+,,2490.0,,1^3P_1,model_label,high,data/reference_spectrum_charmed.csv,9,manual_from_page_screenshot,
GI1985-M0060,Godfrey-Isgur-1985.pdf,9,7,a,(a) -c dbar; c ubar,charmed,-c dbar; c ubar,2+,1^3P_2,1,P,1,2,+,,2500.0,,1^3P_2,model_label,high,data/reference_spectrum_charmed.csv,10,manual_from_page_screenshot,
GI1985-M0061,Godfrey-Isgur-1985.pdf,9,7,a,(a) -c dbar; c ubar,charmed,-c dbar; c ubar,3-,1^3D_3,1,D,1,3,-,,2830.0,,1^3D_3,model_label,high,data/reference_spectrum_charmed.csv,11,manual_from_page_screenshot,
GI1985-M0062,Godfrey-Isgur-1985.pdf,9,7,a,(a) -c dbar; c ubar,charmed,-c dbar; c ubar,4+,1^3F_4,1,F,1,4,+,,3110.0,,1^3F_4,model_label,medium,data/reference_spectrum_charmed.csv,12,manual_from_page_screenshot,
GI1985-M0063,Godfrey-Isgur-1985.pdf,9,7,b,(b) c sbar,charmed_strange,c sbar,0-,1^1S_0,1,S,0,0,-,,1980.0,,1^1S_0,model_label,high,data/reference_spectrum_charmed.csv,13,manual_from_page_screenshot,
GI1985-M0064,Godfrey-Isgur-1985.pdf,9,7,b,(b) c sbar,charmed_strange,c sbar,0-,2^1S_0,2,S,0,0,-,,2670.0,,2^1S_0,model_label,high,data/reference_spectrum_charmed.csv,14,manual_from_page_screenshot,
GI1985-M0065,Godfrey-Isgur-1985.pdf,9,7,b,(b) c sbar,charmed_strange,c sbar,1-,1^3S_1,1,S,1,1,-,,2130.0,,1^3S_1,model_label,high,data/reference_spectrum_charmed.csv,15,manual_from_page_screenshot,
GI1985-M0066,Godfrey-Isgur-1985.pdf,9,7,b,(b) c sbar,charmed_strange,c sbar,1-,2^3S_1,2,S,1,1,-,,2730.0,,2^3S_1,model_label,high,data/reference_spectrum_charmed.csv,16,manual_from_page_screenshot,
GI1985-M0067,Godfrey-Isgur-1985.pdf,9,7,b,(b) c sbar,charmed_strange,c sbar,1-,1^3D_1,1,D,1,1,-,,2900.0,,1^3D_1,model_label,high,data/reference_spectrum_charmed.csv,17,manual_from_page_screenshot,
GI1985-M0068,Godfrey-Isgur-1985.pdf,9,7,b,(b) c sbar,charmed_strange,c sbar,0+,1^3P_0,1,P,1,0,+,,2480.0,,1^3P_0,model_label,high,data/reference_spectrum_charmed.csv,18,manual_from_page_screenshot,
GI1985-M0069,Godfrey-Isgur-1985.pdf,9,7,b,(b) c sbar,charmed_strange,c sbar,1+,1^1P_1,1,P,0,1,+,,2530.0,,1^1P_1,model_label,high,data/reference_spectrum_charmed.csv,19,manual_from_page_screenshot,
GI1985-M0070,Godfrey-Isgur-1985.pdf,9,7,b,(b) c sbar,charmed_strange,c sbar,1+,1^3P_1,1,P,1,1,+,,2570.0,,1^3P_1,model_label,high,data/reference_spectrum_charmed.csv,20,manual_from_page_screenshot,
GI1985-M0071,Godfrey-Isgur-1985.pdf,9,7,b,(b) c sbar,charmed_strange,c sbar,2+,1^3P_2,1,P,1,2,+,,2590.0,,1^3P_2,model_label,high,data/reference_spectrum_charmed.csv,21,manual_from_page_screenshot,
GI1985-M0072,Godfrey-Isgur-1985.pdf,9,7,b,(b) c sbar,charmed_strange,c sbar,3-,1^3D_3,1,D,1,3,-,,2920.0,,1^3D_3,model_label,high,data/reference_spectrum_charmed.csv,22,manual_from_page_screenshot,
GI1985-M0073,Godfrey-Isgur-1985.pdf,9,7,b,(b) c sbar,charmed_strange,c sbar,4+,1^3F_4,1,F,1,4,+,,3190.0,,1^3F_4,model_label,medium,data/reference_spectrum_charmed.csv,23,manual_from_page_screenshot,
GI1985-M0074,Godfrey-Isgur-1985.pdf,8,6,main,Fig. 6,charmonium,c cbar,0-+,1^1S_0,1,S,0,0,-,+,2970.0,,1^1S_0,model_label,high,data/reference_spectrum_charmonium.csv,2,manual_from_page_screenshot,
GI1985-M0075,Godfrey-Isgur-1985.pdf,8,6,main,Fig. 6,charmonium,c cbar,0-+,2^1S_0,2,S,0,0,-,+,3620.0,,2^1S_0,model_label,high,data/reference_spectrum_charmonium.csv,3,manual_from_page_screenshot,
GI1985-M0076,Godfrey-Isgur-1985.pdf,8,6,main,Fig. 6,charmonium,c cbar,0-+,3^1S_0,3,S,0,0,-,+,4060.0,,3^1S_0,model_label,high,data/reference_spectrum_charmonium.csv,4,manual_from_page_screenshot,
GI1985-M0077,Godfrey-Isgur-1985.pdf,8,6,main,Fig. 6,charmonium,c cbar,1--,1^3S_1,1,S,1,1,-,-,3100.0,,1^3S_1,model_label,high,data/reference_spectrum_charmonium.csv,5,manual_from_page_screenshot,
GI1985-M0078,Godfrey-Isgur-1985.pdf,8,6,main,Fig. 6,charmonium,c cbar,1--,2^3S_1,2,S,1,1,-,-,3680.0,,2^3S_1,model_label,high,data/reference_spectrum_charmonium.csv,6,manual_from_page_screenshot,
GI1985-M0079,Godfrey-Isgur-1985.pdf,8,6,main,Fig. 6,charmonium,c cbar,1--,1^3D_1,1,D,1,1,-,-,3820.0,,1^3D_1,model_label,high,data/reference_spectrum_charmonium.csv,7,manual_from_page_screenshot,
GI1985-M0080,Godfrey-Isgur-1985.pdf,8,6,main,Fig. 6,charmonium,c cbar,1--,3^3S_1,3,S,1,1,-,-,4100.0,,3^3S_1,model_label,high,data/reference_spectrum_charmonium.csv,8,manual_from_page_screenshot,
GI1985-M0081,Godfrey-Isgur-1985.pdf,8,6,main,Fig. 6,charmonium,c cbar,1--,2^3D_1,2,D,1,1,-,-,4190.0,,2^3D_1,model_label,high,data/reference_spectrum_charmonium.csv,9,manual_from_page_screenshot,
GI1985-M0082,Godfrey-Isgur-1985.pdf,8,6,main,Fig. 6,charmonium,c cbar,1--,4^3S_1,4,S,1,1,-,-,4450.0,,4^3S_1,model_label,medium,data/reference_spectrum_charmonium.csv,10,manual_from_page_screenshot,
GI1985-M0083,Godfrey-Isgur-1985.pdf,8,6,main,Fig. 6,charmonium,c cbar,1--,3^3D_1,3,D,1,1,-,-,4520.0,,3^3D_1,model_label,medium,data/reference_spectrum_charmonium.csv,11,manual_from_page_screenshot,
GI1985-M0084,Godfrey-Isgur-1985.pdf,8,6,main,Fig. 6,charmonium,c cbar,1+-,1^1P_1,1,P,0,1,+,-,3520.0,,1^1P_1,model_label,high,data/reference_spectrum_charmonium.csv,12,manual_from_page_screenshot,
GI1985-M0085,Godfrey-Isgur-1985.pdf,8,6,main,Fig. 6,charmonium,c cbar,1+-,2^1P_1,2,P,0,1,+,-,3960.0,,2^1P_1,model_label,high,data/reference_spectrum_charmonium.csv,13,manual_from_page_screenshot,
GI1985-M0086,Godfrey-Isgur-1985.pdf,8,6,main,Fig. 6,charmonium,c cbar,0++,1^3P_0,1,P,1,0,+,+,3440.0,,1^3P_0,model_label,high,data/reference_spectrum_charmonium.csv,14,manual_from_page_screenshot,
GI1985-M0087,Godfrey-Isgur-1985.pdf,8,6,main,Fig. 6,charmonium,c cbar,0++,2^3P_0,2,P,1,0,+,+,3920.0,,2^3P_0,model_label,high,data/reference_spectrum_charmonium.csv,15,manual_from_page_screenshot,
GI1985-M0088,Godfrey-Isgur-1985.pdf,8,6,main,Fig. 6,charmonium,c cbar,1++,1^3P_1,1,P,1,1,+,+,3510.0,,1^3P_1,model_label,high,data/reference_spectrum_charmonium.csv,16,manual_from_page_screenshot,
GI1985-M0089,Godfrey-Isgur-1985.pdf,8,6,main,Fig. 6,charmonium,c cbar,1++,2^3P_1,2,P,1,1,+,+,3950.0,,2^3P_1,model_label,high,data/reference_spectrum_charmonium.csv,17,manual_from_page_screenshot,
GI1985-M0090,Godfrey-Isgur-1985.pdf,8,6,main,Fig. 6,charmonium,c cbar,2++,1^3P_2,1,P,1,2,+,+,3550.0,,1^3P_2,model_label,high,data/reference_spectrum_charmonium.csv,18,manual_from_page_screenshot,
GI1985-M0091,Godfrey-Isgur-1985.pdf,8,6,main,Fig. 6,charmonium,c cbar,2++,2^3P_2,2,P,1,2,+,+,3980.0,,2^3P_2,model_label,high,data/reference_spectrum_charmonium.csv,19,manual_from_page_screenshot,
GI1985-M0092,Godfrey-Isgur-1985.pdf,8,6,main,Fig. 6,charmonium,c cbar,2++,1^3F_2,1,F,1,2,+,+,4090.0,,1^3F_2,model_label,medium,data/reference_spectrum_charmonium.csv,20,manual_from_page_screenshot,
GI1985-M0093,Godfrey-Isgur-1985.pdf,8,6,main,Fig. 6,charmonium,c cbar,2-+,1^1D_2,1,D,0,2,-,+,3840.0,,1^1D_2,model_label,high,data/reference_spectrum_charmonium.csv,21,manual_from_page_screenshot,
GI1985-M0094,Godfrey-Isgur-1985.pdf,8,6,main,Fig. 6,charmonium,c cbar,2-+,2^1D_2,2,D,0,2,-,+,4210.0,,2^1D_2,model_label,high,data/reference_spectrum_charmonium.csv,22,manual_from_page_screenshot,
GI1985-M0095,Godfrey-Isgur-1985.pdf,8,6,main,Fig. 6,charmonium,c cbar,2--,1^3D_2,1,D,1,2,-,-,3840.0,,1^3D_2,model_label,high,data/reference_spectrum_charmonium.csv,23,manual_from_page_screenshot,
GI1985-M0096,Godfrey-Isgur-1985.pdf,8,6,main,Fig. 6,charmonium,c cbar,2--,2^3D_2,2,D,1,2,-,-,4210.0,,2^3D_2,model_label,high,data/reference_spectrum_charmonium.csv,24,manual_from_page_screenshot,
GI1985-M0097,Godfrey-Isgur-1985.pdf,8,6,main,Fig. 6,charmonium,c cbar,3--,1^3D_3,1,D,1,3,-,-,3850.0,,1^3D_3,model_label,high,data/reference_spectrum_charmonium.csv,25,manual_from_page_screenshot,
GI1985-M0098,Godfrey-Isgur-1985.pdf,8,6,main,Fig. 6,charmonium,c cbar,3--,2^3D_3,2,D,1,3,-,-,4220.0,,2^3D_3,model_label,high,data/reference_spectrum_charmonium.csv,26,manual_from_page_screenshot,
GI1985-M0099,Godfrey-Isgur-1985.pdf,8,6,main,Fig. 6,charmonium,c cbar,3+-,1^1F_3,1,F,0,3,+,-,4090.0,,1^1F_3,model_label,medium,data/reference_spectrum_charmonium.csv,27,manual_from_page_screenshot,
GI1985-M0100,Godfrey-Isgur-1985.pdf,8,6,main,Fig. 6,charmonium,c cbar,3++,1^3F_3,1,F,1,3,+,+,4100.0,,1^3F_3,model_label,medium,data/reference_spectrum_charmonium.csv,28,manual_from_page_screenshot,
GI1985-M0101,Godfrey-Isgur-1985.pdf,8,6,main,Fig. 6,charmonium,c cbar,4++,1^3F_4,1,F,1,4,+,+,4090.0,,1^3F_4,model_label,medium,data/reference_spectrum_charmonium.csv,29,manual_from_page_screenshot,
GI1985-M0102,Godfrey-Isgur-1985.pdf,8,5,main,Fig. 5,isoscalar,n nbar / s sbar mixed,0-+,1^1S_0,1,S,0,0,-,+,520.0,,1^1S_0,model_label,medium,data/reference_spectrum_isoscalar.csv,2,manual_from_page_screenshot,lower isoscalar
GI1985-M0103,Godfrey-Isgur-1985.pdf,8,5,main,Fig. 5,isoscalar,n nbar / s sbar mixed,0-+,1^1S_0,1,S,0,0,-,+,960.0,,1^1S_0,model_label,medium,data/reference_spectrum_isoscalar.csv,3,manual_from_page_screenshot,higher isoscalar
GI1985-M0104,Godfrey-Isgur-1985.pdf,8,5,main,Fig. 5,isoscalar,n nbar / s sbar mixed,0-+,2^1S_0,2,S,0,0,-,+,1440.0,,2^1S_0,model_label,medium,data/reference_spectrum_isoscalar.csv,4,manual_from_page_screenshot,lower radial pair
GI1985-M0105,Godfrey-Isgur-1985.pdf,8,5,main,Fig. 5,isoscalar,n nbar / s sbar mixed,0-+,2^1S_0,2,S,0,0,-,+,1630.0,,2^1S_0,model_label,medium,data/reference_spectrum_isoscalar.csv,5,manual_from_page_screenshot,higher radial pair
GI1985-M0106,Godfrey-Isgur-1985.pdf,8,5,main,Fig. 5,isoscalar,n nbar / s sbar mixed,1--,1^3S_1,1,S,1,1,-,-,780.0,,1^3S_1,model_label,medium,data/reference_spectrum_isoscalar.csv,6,manual_from_page_screenshot,
GI1985-M0107,Godfrey-Isgur-1985.pdf,8,5,main,Fig. 5,isoscalar,n nbar / s sbar mixed,1--,1^3S_1,1,S,1,1,-,-,1020.0,,1^3S_1,model_label,medium,data/reference_spectrum_isoscalar.csv,7,manual_from_page_screenshot,
GI1985-M0108,Godfrey-Isgur-1985.pdf,8,5,main,Fig. 5,isoscalar,n nbar / s sbar mixed,1--,2^3S_1,2,S,1,1,-,-,1460.0,,2^3S_1,model_label,medium,data/reference_spectrum_isoscalar.csv,8,manual_from_page_screenshot,
GI1985-M0109,Godfrey-Isgur-1985.pdf,8,5,main,Fig. 5,isoscalar,n nbar / s sbar mixed,1--,1^3D_1,1,D,1,1,-,-,1660.0,,1^3D_1,model_label,medium,data/reference_spectrum_isoscalar.csv,9,manual_from_page_screenshot,
GI1985-M0110,Godfrey-Isgur-1985.pdf,8,5,main,Fig. 5,isoscalar,n nbar / s sbar mixed,1--,2^3S_1,2,S,1,1,-,-,1690.0,,2^3S_1,model_label,medium,data/reference_spectrum_isoscalar.csv,10,manual_from_page_screenshot,
GI1985-M0111,Godfrey-Isgur-1985.pdf,8,5,main,Fig. 5,isoscalar,n nbar / s sbar mixed,1--,1^3D_1,1,D,1,1,-,-,1880.0,,1^3D_1,model_label,medium,data/reference_spectrum_isoscalar.csv,11,manual_from_page_screenshot,
GI1985-M0112,Godfrey-Isgur-1985.pdf,8,5,main,Fig. 5,isoscalar,n nbar / s sbar mixed,1+-,1^1P_1,1,P,0,1,+,-,1220.0,,1^1P_1,model_label,medium,data/reference_spectrum_isoscalar.csv,12,manual_from_page_screenshot,
GI1985-M0113,Godfrey-Isgur-1985.pdf,8,5,main,Fig. 5,isoscalar,n nbar / s sbar mixed,1+-,1^1P_1,1,P,0,1,+,-,1470.0,,1^1P_1,model_label,medium,data/reference_spectrum_isoscalar.csv,13,manual_from_page_screenshot,
GI1985-M0114,Godfrey-Isgur-1985.pdf,8,5,main,Fig. 5,isoscalar,n nbar / s sbar mixed,1+-,2^1P_1,2,P,0,1,+,-,1780.0,,2^1P_1,model_label,medium,data/reference_spectrum_isoscalar.csv,14,manual_from_page_screenshot,
GI1985-M0115,Godfrey-Isgur-1985.pdf,8,5,main,Fig. 5,isoscalar,n nbar / s sbar mixed,1+-,2^1P_1,2,P,0,1,+,-,2010.0,,2^1P_1,model_label,medium,data/reference_spectrum_isoscalar.csv,15,manual_from_page_screenshot,
GI1985-M0116,Godfrey-Isgur-1985.pdf,8,5,main,Fig. 5,isoscalar,n nbar / s sbar mixed,0++,1^3P_0,1,P,1,0,+,+,1090.0,,1^3P_0,model_label,medium,data/reference_spectrum_isoscalar.csv,16,manual_from_page_screenshot,
GI1985-M0117,Godfrey-Isgur-1985.pdf,8,5,main,Fig. 5,isoscalar,n nbar / s sbar mixed,0++,1^3P_0,1,P,1,0,+,+,1360.0,,1^3P_0,model_label,medium,data/reference_spectrum_isoscalar.csv,17,manual_from_page_screenshot,
GI1985-M0118,Godfrey-Isgur-1985.pdf,8,5,main,Fig. 5,isoscalar,n nbar / s sbar mixed,0++,2^3P_0,2,P,1,0,+,+,1780.0,,2^3P_0,model_label,medium,data/reference_spectrum_isoscalar.csv,18,manual_from_page_screenshot,
GI1985-M0119,Godfrey-Isgur-1985.pdf,8,5,main,Fig. 5,isoscalar,n nbar / s sbar mixed,0++,2^3P_0,2,P,1,0,+,+,1990.0,,2^3P_0,model_label,medium,data/reference_spectrum_isoscalar.csv,19,manual_from_page_screenshot,
GI1985-M0120,Godfrey-Isgur-1985.pdf,8,5,main,Fig. 5,isoscalar,n nbar / s sbar mixed,1++,1^3P_1,1,P,1,1,+,+,1240.0,,1^3P_1,model_label,medium,data/reference_spectrum_isoscalar.csv,20,manual_from_page_screenshot,
GI1985-M0121,Godfrey-Isgur-1985.pdf,8,5,main,Fig. 5,isoscalar,n nbar / s sbar mixed,1++,1^3P_1,1,P,1,1,+,+,1480.0,,1^3P_1,model_label,medium,data/reference_spectrum_isoscalar.csv,21,manual_from_page_screenshot,
GI1985-M0122,Godfrey-Isgur-1985.pdf,8,5,main,Fig. 5,isoscalar,n nbar / s sbar mixed,1++,2^3P_1,2,P,1,1,+,+,1820.0,,2^3P_1,model_label,medium,data/reference_spectrum_isoscalar.csv,22,manual_from_page_screenshot,
GI1985-M0123,Godfrey-Isgur-1985.pdf,8,5,main,Fig. 5,isoscalar,n nbar / s sbar mixed,1++,2^3P_1,2,P,1,1,+,+,2030.0,,2^3P_1,model_label,medium,data/reference_spectrum_isoscalar.csv,23,manual_from_page_screenshot,
GI1985-M0124,Godfrey-Isgur-1985.pdf,8,5,main,Fig. 5,isoscalar,n nbar / s sbar mixed,2++,1^3P_2,1,P,1,2,+,+,1280.0,,1^3P_2,model_label,medium,data/reference_spectrum_isoscalar.csv,24,manual_from_page_screenshot,
GI1985-M0125,Godfrey-Isgur-1985.pdf,8,5,main,Fig. 5,isoscalar,n nbar / s sbar mixed,2++,1^3P_2,1,P,1,2,+,+,1530.0,,1^3P_2,model_label,medium,data/reference_spectrum_isoscalar.csv,25,manual_from_page_screenshot,
GI1985-M0126,Godfrey-Isgur-1985.pdf,8,5,main,Fig. 5,isoscalar,n nbar / s sbar mixed,2++,2^3P_2,2,P,1,2,+,+,1820.0,,2^3P_2,model_label,medium,data/reference_spectrum_isoscalar.csv,26,manual_from_page_screenshot,
GI1985-M0127,Godfrey-Isgur-1985.pdf,8,5,main,Fig. 5,isoscalar,n nbar / s sbar mixed,2++,2^3P_2,2,P,1,2,+,+,2040.0,,2^3P_2,model_label,medium,data/reference_spectrum_isoscalar.csv,27,manual_from_page_screenshot,
GI1985-M0128,Godfrey-Isgur-1985.pdf,8,5,main,Fig. 5,isoscalar,n nbar / s sbar mixed,2++,1^3F_2,1,F,1,2,+,+,2050.0,,1^3F_2,model_label,medium,data/reference_spectrum_isoscalar.csv,28,manual_from_page_screenshot,
GI1985-M0129,Godfrey-Isgur-1985.pdf,8,5,main,Fig. 5,isoscalar,n nbar / s sbar mixed,2++,1^3F_2,1,F,1,2,+,+,2240.0,,1^3F_2,model_label,medium,data/reference_spectrum_isoscalar.csv,29,manual_from_page_screenshot,
GI1985-M0130,Godfrey-Isgur-1985.pdf,8,5,main,Fig. 5,isoscalar,n nbar / s sbar mixed,2-+,1^1D_2,1,D,0,2,-,+,1680.0,,1^1D_2,model_label,medium,data/reference_spectrum_isoscalar.csv,30,manual_from_page_screenshot,
GI1985-M0131,Godfrey-Isgur-1985.pdf,8,5,main,Fig. 5,isoscalar,n nbar / s sbar mixed,2-+,1^1D_2,1,D,0,2,-,+,1890.0,,1^1D_2,model_label,medium,data/reference_spectrum_isoscalar.csv,31,manual_from_page_screenshot,
GI1985-M0132,Godfrey-Isgur-1985.pdf,8,5,main,Fig. 5,isoscalar,n nbar / s sbar mixed,2--,1^3D_2,1,D,1,2,-,-,1700.0,,1^3D_2,model_label,medium,data/reference_spectrum_isoscalar.csv,32,manual_from_page_screenshot,
GI1985-M0133,Godfrey-Isgur-1985.pdf,8,5,main,Fig. 5,isoscalar,n nbar / s sbar mixed,2--,1^3D_2,1,D,1,2,-,-,1910.0,,1^3D_2,model_label,medium,data/reference_spectrum_isoscalar.csv,33,manual_from_page_screenshot,
GI1985-M0134,Godfrey-Isgur-1985.pdf,8,5,main,Fig. 5,isoscalar,n nbar / s sbar mixed,2--,2^3D_2,2,D,1,2,-,-,2260.0,,2^3D_2,model_label,low,data/reference_spectrum_isoscalar.csv,34,manual_from_page_screenshot,needs crop audit
GI1985-M0135,Godfrey-Isgur-1985.pdf,8,5,main,Fig. 5,isoscalar,n nbar / s sbar mixed,3--,1^3D_3,1,D,1,3,-,-,1680.0,,1^3D_3,model_label,medium,data/reference_spectrum_isoscalar.csv,35,manual_from_page_screenshot,
GI1985-M0136,Godfrey-Isgur-1985.pdf,8,5,main,Fig. 5,isoscalar,n nbar / s sbar mixed,3--,1^3D_3,1,D,1,3,-,-,1900.0,,1^3D_3,model_label,medium,data/reference_spectrum_isoscalar.csv,36,manual_from_page_screenshot,
GI1985-M0137,Godfrey-Isgur-1985.pdf,8,5,main,Fig. 5,isoscalar,n nbar / s sbar mixed,3--,1^3G_3,1,G,1,3,-,-,2370.0,,1^3G_3,model_label,medium,data/reference_spectrum_isoscalar.csv,37,manual_from_page_screenshot,
GI1985-M0138,Godfrey-Isgur-1985.pdf,8,5,main,Fig. 5,isoscalar,n nbar / s sbar mixed,3--,1^3G_3,1,G,1,3,-,-,2540.0,,1^3G_3,model_label,medium,data/reference_spectrum_isoscalar.csv,38,manual_from_page_screenshot,
GI1985-M0139,Godfrey-Isgur-1985.pdf,8,5,main,Fig. 5,isoscalar,n nbar / s sbar mixed,3+-,1^1F_3,1,F,0,3,+,-,2030.0,,1^1F_3,model_label,medium,data/reference_spectrum_isoscalar.csv,39,manual_from_page_screenshot,
GI1985-M0140,Godfrey-Isgur-1985.pdf,8,5,main,Fig. 5,isoscalar,n nbar / s sbar mixed,3+-,1^1F_3,1,F,0,3,+,-,2220.0,,1^1F_3,model_label,medium,data/reference_spectrum_isoscalar.csv,40,manual_from_page_screenshot,
GI1985-M0141,Godfrey-Isgur-1985.pdf,8,5,main,Fig. 5,isoscalar,n nbar / s sbar mixed,3++,1^3F_3,1,F,1,3,+,+,2050.0,,1^3F_3,model_label,medium,data/reference_spectrum_isoscalar.csv,41,manual_from_page_screenshot,
GI1985-M0142,Godfrey-Isgur-1985.pdf,8,5,main,Fig. 5,isoscalar,n nbar / s sbar mixed,3++,1^3F_3,1,F,1,3,+,+,2230.0,,1^3F_3,model_label,medium,data/reference_spectrum_isoscalar.csv,42,manual_from_page_screenshot,
GI1985-M0143,Godfrey-Isgur-1985.pdf,8,5,main,Fig. 5,isoscalar,n nbar / s sbar mixed,4++,1^3F_4,1,F,1,4,+,+,2010.0,,1^3F_4,model_label,medium,data/reference_spectrum_isoscalar.csv,43,manual_from_page_screenshot,
GI1985-M0144,Godfrey-Isgur-1985.pdf,8,5,main,Fig. 5,isoscalar,n nbar / s sbar mixed,4++,1^3F_4,1,F,1,4,+,+,2200.0,,1^3F_4,model_label,medium,data/reference_spectrum_isoscalar.csv,44,manual_from_page_screenshot,
GI1985-M0145,Godfrey-Isgur-1985.pdf,8,5,main,Fig. 5,isoscalar,n nbar / s sbar mixed,4-+,1^1G_4,1,G,0,4,-,+,2330.0,,1^1G_4,model_label,medium,data/reference_spectrum_isoscalar.csv,45,manual_from_page_screenshot,
GI1985-M0146,Godfrey-Isgur-1985.pdf,8,5,main,Fig. 5,isoscalar,n nbar / s sbar mixed,4-+,1^1G_4,1,G,0,4,-,+,2510.0,,1^1G_4,model_label,medium,data/reference_spectrum_isoscalar.csv,46,manual_from_page_screenshot,
GI1985-M0147,Godfrey-Isgur-1985.pdf,8,5,main,Fig. 5,isoscalar,n nbar / s sbar mixed,4--,1^3G_4,1,G,1,4,-,-,2340.0,,1^3G_4,model_label,medium,data/reference_spectrum_isoscalar.csv,47,manual_from_page_screenshot,
GI1985-M0148,Godfrey-Isgur-1985.pdf,8,5,main,Fig. 5,isoscalar,n nbar / s sbar mixed,4--,1^3G_4,1,G,1,4,-,-,2520.0,,1^3G_4,model_label,medium,data/reference_spectrum_isoscalar.csv,48,manual_from_page_screenshot,
GI1985-M0149,Godfrey-Isgur-1985.pdf,8,5,main,Fig. 5,isoscalar,n nbar / s sbar mixed,5--,1^3G_5,1,G,1,5,-,-,2300.0,,1^3G_5,model_label,medium,data/reference_spectrum_isoscalar.csv,49,manual_from_page_screenshot,
GI1985-M0150,Godfrey-Isgur-1985.pdf,8,5,main,Fig. 5,isoscalar,n nbar / s sbar mixed,5--,1^3G_5,1,G,1,5,-,-,2470.0,,1^3G_5,model_label,medium,data/reference_spectrum_isoscalar.csv,50,manual_from_page_screenshot,
GI1985-M0151,Godfrey-Isgur 1985,6,Figure 3,,,isovector,"[-u dbar, 1/sqrt(2)(u ubar - d dbar), d ubar]",0-+,1^1S_0,1,S,0,0,-,+,150.0,,1^1S_0,model_bar_label,high,data/reference_spectrum_isovector.csv,2,manual_visual_from_png,
GI1985-M0152,Godfrey-Isgur 1985,6,Figure 3,,,isovector,"[-u dbar, 1/sqrt(2)(u ubar - d dbar), d ubar]",0-+,2^1S_0,2,S,0,0,-,+,1300.0,,2^1S_0,model_bar_label,high,data/reference_spectrum_isovector.csv,3,manual_visual_from_png,
GI1985-M0153,Godfrey-Isgur 1985,6,Figure 3,,,isovector,"[-u dbar, 1/sqrt(2)(u ubar - d dbar), d ubar]",1--,1^3S_1,1,S,1,1,-,-,770.0,,1^3S_1,model_bar_label,high,data/reference_spectrum_isovector.csv,4,manual_visual_from_png,
GI1985-M0154,Godfrey-Isgur 1985,6,Figure 3,,,isovector,"[-u dbar, 1/sqrt(2)(u ubar - d dbar), d ubar]",1--,2^3S_1,2,S,1,1,-,-,1450.0,,2^3S_1,model_bar_label,high,data/reference_spectrum_isovector.csv,5,manual_visual_from_png,Caption notes this state is significantly mixed with 1^3D_1.
GI1985-M0155,Godfrey-Isgur 1985,6,Figure 3,,,isovector,"[-u dbar, 1/sqrt(2)(u ubar - d dbar), d ubar]",1--,1^3D_1,1,D,1,1,-,-,1660.0,,1^3D_1,model_bar_label,high,data/reference_spectrum_isovector.csv,6,manual_visual_from_png,
GI1985-M0156,Godfrey-Isgur 1985,6,Figure 3,,,isovector,"[-u dbar, 1/sqrt(2)(u ubar - d dbar), d ubar]",0-+,3^1S_0,3,S,0,0,-,+,1880.0,,3^1S_0,model_bar_label,high,data/reference_spectrum_isovector.csv,7,manual_visual_from_png,Verified by crop of left 0-+ / 1-- region.
GI1985-M0157,Godfrey-Isgur 1985,6,Figure 3,,,isovector,"[-u dbar, 1/sqrt(2)(u ubar - d dbar), d ubar]",1--,3^3S_1,3,S,1,1,-,-,2000.0,,3^3S_1,model_bar_label,high,data/reference_spectrum_isovector.csv,8,manual_visual_from_png,Verified by crop of left 0-+ / 1-- region.
GI1985-M0158,Godfrey-Isgur 1985,6,Figure 3,,,isovector,"[-u dbar, 1/sqrt(2)(u ubar - d dbar), d ubar]",1--,2^3D_1,2,D,1,1,-,-,2150.0,,2^3D_1,model_bar_label,high,data/reference_spectrum_isovector.csv,9,manual_visual_from_png,
GI1985-M0159,Godfrey-Isgur 1985,6,Figure 3,,,isovector,"[-u dbar, 1/sqrt(2)(u ubar - d dbar), d ubar]",1+-,1^1P_1,1,P,0,1,+,-,1220.0,,1^1P_1,model_bar_label,high,data/reference_spectrum_isovector.csv,10,manual_visual_from_png,
GI1985-M0160,Godfrey-Isgur 1985,6,Figure 3,,,isovector,"[-u dbar, 1/sqrt(2)(u ubar - d dbar), d ubar]",1+-,2^1P_1,2,P,0,1,+,-,1780.0,,2^1P_1,model_bar_label,high,data/reference_spectrum_isovector.csv,11,manual_visual_from_png,
GI1985-M0161,Godfrey-Isgur 1985,6,Figure 3,,,isovector,"[-u dbar, 1/sqrt(2)(u ubar - d dbar), d ubar]",0++,1^3P_0,1,P,1,0,+,+,1090.0,,1^3P_0,model_bar_label,high,data/reference_spectrum_isovector.csv,12,manual_visual_from_png,
GI1985-M0162,Godfrey-Isgur 1985,6,Figure 3,,,isovector,"[-u dbar, 1/sqrt(2)(u ubar - d dbar), d ubar]",0++,2^3P_0,2,P,1,0,+,+,1780.0,,2^3P_0,model_bar_label,high,data/reference_spectrum_isovector.csv,13,manual_visual_from_png,
GI1985-M0163,Godfrey-Isgur 1985,6,Figure 3,,,isovector,"[-u dbar, 1/sqrt(2)(u ubar - d dbar), d ubar]",1++,1^3P_1,1,P,1,1,+,+,1240.0,,1^3P_1,model_bar_label,high,data/reference_spectrum_isovector.csv,14,manual_visual_from_png,
GI1985-M0164,Godfrey-Isgur 1985,6,Figure 3,,,isovector,"[-u dbar, 1/sqrt(2)(u ubar - d dbar), d ubar]",1++,2^3P_1,2,P,1,1,+,+,1820.0,,2^3P_1,model_bar_label,high,data/reference_spectrum_isovector.csv,15,manual_visual_from_png,
GI1985-M0165,Godfrey-Isgur 1985,6,Figure 3,,,isovector,"[-u dbar, 1/sqrt(2)(u ubar - d dbar), d ubar]",2++,1^3P_2,1,P,1,2,+,+,1310.0,,1^3P_2,model_bar_label,high,data/reference_spectrum_isovector.csv,16,manual_visual_from_png,
GI1985-M0166,Godfrey-Isgur 1985,6,Figure 3,,,isovector,"[-u dbar, 1/sqrt(2)(u ubar - d dbar), d ubar]",2++,2^3P_2,2,P,1,2,+,+,1820.0,,2^3P_2,model_bar_label,high,data/reference_spectrum_isovector.csv,17,manual_visual_from_png,
GI1985-M0167,Godfrey-Isgur 1985,6,Figure 3,,,isovector,"[-u dbar, 1/sqrt(2)(u ubar - d dbar), d ubar]",2++,1^3F_2,1,F,1,2,+,+,2050.0,,1^3F_2,model_bar_label,high,data/reference_spectrum_isovector.csv,18,manual_visual_from_png,
GI1985-M0168,Godfrey-Isgur 1985,6,Figure 3,,,isovector,"[-u dbar, 1/sqrt(2)(u ubar - d dbar), d ubar]",2-+,1^1D_2,1,D,0,2,-,+,1680.0,,1^1D_2,model_bar_label,high,data/reference_spectrum_isovector.csv,19,manual_visual_from_png,
GI1985-M0169,Godfrey-Isgur 1985,6,Figure 3,,,isovector,"[-u dbar, 1/sqrt(2)(u ubar - d dbar), d ubar]",2-+,2^1D_2,2,D,0,2,-,+,2130.0,,2^1D_2,model_bar_label,high,data/reference_spectrum_isovector.csv,20,manual_visual_from_png,
GI1985-M0170,Godfrey-Isgur 1985,6,Figure 3,,,isovector,"[-u dbar, 1/sqrt(2)(u ubar - d dbar), d ubar]",2--,1^3D_2,1,D,1,2,-,-,1700.0,,1^3D_2,model_bar_label,high,data/reference_spectrum_isovector.csv,21,manual_visual_from_png,
GI1985-M0171,Godfrey-Isgur 1985,6,Figure 3,,,isovector,"[-u dbar, 1/sqrt(2)(u ubar - d dbar), d ubar]",2--,2^3D_2,2,D,1,2,-,-,2150.0,,2^3D_2,model_bar_label,high,data/reference_spectrum_isovector.csv,22,manual_visual_from_png,
GI1985-M0172,Godfrey-Isgur 1985,6,Figure 3,,,isovector,"[-u dbar, 1/sqrt(2)(u ubar - d dbar), d ubar]",3--,1^3D_3,1,D,1,3,-,-,1680.0,,1^3D_3,model_bar_label,high,data/reference_spectrum_isovector.csv,23,manual_visual_from_png,
GI1985-M0173,Godfrey-Isgur 1985,6,Figure 3,,,isovector,"[-u dbar, 1/sqrt(2)(u ubar - d dbar), d ubar]",3--,2^3D_3,2,D,1,3,-,-,2130.0,,2^3D_3,model_bar_label,high,data/reference_spectrum_isovector.csv,24,manual_visual_from_png,
GI1985-M0174,Godfrey-Isgur 1985,6,Figure 3,,,isovector,"[-u dbar, 1/sqrt(2)(u ubar - d dbar), d ubar]",3--,1^3G_3,1,G,1,3,-,-,2370.0,,1^3G_3,model_bar_label,high,data/reference_spectrum_isovector.csv,25,manual_visual_from_png,
GI1985-M0175,Godfrey-Isgur 1985,6,Figure 3,,,isovector,"[-u dbar, 1/sqrt(2)(u ubar - d dbar), d ubar]",3+-,1^1F_3,1,F,0,3,+,-,2030.0,,1^1F_3,model_bar_label,high,data/reference_spectrum_isovector.csv,26,manual_visual_from_png,
GI1985-M0176,Godfrey-Isgur 1985,6,Figure 3,,,isovector,"[-u dbar, 1/sqrt(2)(u ubar - d dbar), d ubar]",3++,1^3F_3,1,F,1,3,+,+,2050.0,,1^3F_3,model_bar_label,high,data/reference_spectrum_isovector.csv,27,manual_visual_from_png,
GI1985-M0177,Godfrey-Isgur 1985,6,Figure 3,,,isovector,"[-u dbar, 1/sqrt(2)(u ubar - d dbar), d ubar]",4++,1^3F_4,1,F,1,4,+,+,2010.0,,1^3F_4,model_bar_label,high,data/reference_spectrum_isovector.csv,28,manual_visual_from_png,
GI1985-M0178,Godfrey-Isgur 1985,6,Figure 3,,,isovector,"[-u dbar, 1/sqrt(2)(u ubar - d dbar), d ubar]",4-+,1^1G_4,1,G,0,4,-,+,2330.0,,1^1G_4,model_bar_label,high,data/reference_spectrum_isovector.csv,29,manual_visual_from_png,
GI1985-M0179,Godfrey-Isgur 1985,6,Figure 3,,,isovector,"[-u dbar, 1/sqrt(2)(u ubar - d dbar), d ubar]",4--,1^3G_4,1,G,1,4,-,-,2340.0,,1^3G_4,model_bar_label,high,data/reference_spectrum_isovector.csv,30,manual_visual_from_png,
GI1985-M0180,Godfrey-Isgur 1985,6,Figure 3,,,isovector,"[-u dbar, 1/sqrt(2)(u ubar - d dbar), d ubar]",5--,1^3G_5,1,G,1,5,-,-,2300.0,,1^3G_5,model_bar_label,high,data/reference_spectrum_isovector.csv,31,manual_visual_from_png,
GI1985-M0181,Godfrey-Isgur-1985.pdf,7,4,main,Fig. 4,strange,-u sbar; -d sbar,0-,1^1S_0,1,S,0,0,-,,470.0,,1^1S_0,model_label,high,data/reference_spectrum_strange.csv,2,manual_from_page_screenshot,
GI1985-M0182,Godfrey-Isgur-1985.pdf,7,4,main,Fig. 4,strange,-u sbar; -d sbar,0-,2^1S_0,2,S,0,0,-,,1450.0,,2^1S_0,model_label,high,data/reference_spectrum_strange.csv,3,manual_from_page_screenshot,
GI1985-M0183,Godfrey-Isgur-1985.pdf,7,4,main,Fig. 4,strange,-u sbar; -d sbar,0-,3^1S_0,3,S,0,0,-,,2020.0,,3^1S_0,model_label,high,data/reference_spectrum_strange.csv,4,manual_from_page_screenshot,
GI1985-M0184,Godfrey-Isgur-1985.pdf,7,4,main,Fig. 4,strange,-u sbar; -d sbar,1-,1^3S_1,1,S,1,1,-,,900.0,,1^3S_1,model_label,high,data/reference_spectrum_strange.csv,5,manual_from_page_screenshot,
GI1985-M0185,Godfrey-Isgur-1985.pdf,7,4,main,Fig. 4,strange,-u sbar; -d sbar,1-,2^3S_1,2,S,1,1,-,,1580.0,,2^3S_1,model_label,high,data/reference_spectrum_strange.csv,6,manual_from_page_screenshot,
GI1985-M0186,Godfrey-Isgur-1985.pdf,7,4,main,Fig. 4,strange,-u sbar; -d sbar,1-,1^3D_1,1,D,1,1,-,,1780.0,,1^3D_1,model_label,high,data/reference_spectrum_strange.csv,7,manual_from_page_screenshot,
GI1985-M0187,Godfrey-Isgur-1985.pdf,7,4,main,Fig. 4,strange,-u sbar; -d sbar,1-,3^3S_1,3,S,1,1,-,,2110.0,,3^3S_1,model_label,high,data/reference_spectrum_strange.csv,8,manual_from_page_screenshot,
GI1985-M0188,Godfrey-Isgur-1985.pdf,7,4,main,Fig. 4,strange,-u sbar; -d sbar,1-,2^3D_1,2,D,1,1,-,,2250.0,,2^3D_1,model_label,high,data/reference_spectrum_strange.csv,9,manual_from_page_screenshot,
GI1985-M0189,Godfrey-Isgur-1985.pdf,7,4,main,Fig. 4,strange,-u sbar; -d sbar,0+,1^3P_0,1,P,1,0,+,,1240.0,,1^3P_0,model_label,high,data/reference_spectrum_strange.csv,10,manual_from_page_screenshot,
GI1985-M0190,Godfrey-Isgur-1985.pdf,7,4,main,Fig. 4,strange,-u sbar; -d sbar,0+,2^3P_0,2,P,1,0,+,,1890.0,,2^3P_0,model_label,high,data/reference_spectrum_strange.csv,11,manual_from_page_screenshot,
GI1985-M0191,Godfrey-Isgur-1985.pdf,7,4,main,Fig. 4,strange,-u sbar; -d sbar,1+,1^1P_1,1,P,0,1,+,,1340.0,,1^1P_1,model_label,high,data/reference_spectrum_strange.csv,12,manual_from_page_screenshot,
GI1985-M0192,Godfrey-Isgur-1985.pdf,7,4,main,Fig. 4,strange,-u sbar; -d sbar,1+,1^3P_1,1,P,1,1,+,,1380.0,,1^3P_1,model_label,high,data/reference_spectrum_strange.csv,13,manual_from_page_screenshot,
GI1985-M0193,Godfrey-Isgur-1985.pdf,7,4,main,Fig. 4,strange,-u sbar; -d sbar,1+,2^1P_1,2,P,0,1,+,,1900.0,,2^1P_1,model_label,high,data/reference_spectrum_strange.csv,14,manual_from_page_screenshot,
GI1985-M0194,Godfrey-Isgur-1985.pdf,7,4,main,Fig. 4,strange,-u sbar; -d sbar,1+,2^3P_1,2,P,1,1,+,,1930.0,,2^3P_1,model_label,high,data/reference_spectrum_strange.csv,15,manual_from_page_screenshot,
GI1985-M0195,Godfrey-Isgur-1985.pdf,7,4,main,Fig. 4,strange,-u sbar; -d sbar,2+,1^3P_2,1,P,1,2,+,,1430.0,,1^3P_2,model_label,high,data/reference_spectrum_strange.csv,16,manual_from_page_screenshot,
GI1985-M0196,Godfrey-Isgur-1985.pdf,7,4,main,Fig. 4,strange,-u sbar; -d sbar,2+,2^3P_2,2,P,1,2,+,,1940.0,,2^3P_2,model_label,high,data/reference_spectrum_strange.csv,17,manual_from_page_screenshot,
GI1985-M0197,Godfrey-Isgur-1985.pdf,7,4,main,Fig. 4,strange,-u sbar; -d sbar,2+,1^3F_2,1,F,1,2,+,,2150.0,,1^3F_2,model_label,high,data/reference_spectrum_strange.csv,18,manual_from_page_screenshot,
GI1985-M0198,Godfrey-Isgur-1985.pdf,7,4,main,Fig. 4,strange,-u sbar; -d sbar,2-,1^1D_2,1,D,0,2,-,,1780.0,,1^1D_2,model_label,high,data/reference_spectrum_strange.csv,19,manual_from_page_screenshot,
GI1985-M0199,Godfrey-Isgur-1985.pdf,7,4,main,Fig. 4,strange,-u sbar; -d sbar,2-,1^3D_2,1,D,1,2,-,,1810.0,,1^3D_2,model_label,high,data/reference_spectrum_strange.csv,20,manual_from_page_screenshot,
GI1985-M0200,Godfrey-Isgur-1985.pdf,7,4,main,Fig. 4,strange,-u sbar; -d sbar,2-,2^1D_2,2,D,0,2,-,,2230.0,,2^1D_2,model_label,high,data/reference_spectrum_strange.csv,21,manual_from_page_screenshot,
GI1985-M0201,Godfrey-Isgur-1985.pdf,7,4,main,Fig. 4,strange,-u sbar; -d sbar,2-,2^3D_2,2,D,1,2,-,,2260.0,,2^3D_2,model_label,high,data/reference_spectrum_strange.csv,22,manual_from_page_screenshot,
GI1985-M0202,Godfrey-Isgur-1985.pdf,7,4,main,Fig. 4,strange,-u sbar; -d sbar,3-,1^3D_3,1,D,1,3,-,,1790.0,,1^3D_3,model_label,high,data/reference_spectrum_strange.csv,23,manual_from_page_screenshot,
GI1985-M0203,Godfrey-Isgur-1985.pdf,7,4,main,Fig. 4,strange,-u sbar; -d sbar,3-,2^3D_3,2,D,1,3,-,,2240.0,,2^3D_3,model_label,high,data/reference_spectrum_strange.csv,24,manual_from_page_screenshot,
GI1985-M0204,Godfrey-Isgur-1985.pdf,7,4,main,Fig. 4,strange,-u sbar; -d sbar,3-,1^3G_3,1,G,1,3,-,,2460.0,,1^3G_3,model_label,medium,data/reference_spectrum_strange.csv,25,manual_from_page_screenshot,
GI1985-M0205,Godfrey-Isgur-1985.pdf,7,4,main,Fig. 4,strange,-u sbar; -d sbar,3+,1^1F_3,1,F,0,3,+,,2120.0,,1^1F_3,model_label,high,data/reference_spectrum_strange.csv,26,manual_from_page_screenshot,
GI1985-M0206,Godfrey-Isgur-1985.pdf,7,4,main,Fig. 4,strange,-u sbar; -d sbar,3+,1^3F_3,1,F,1,3,+,,2150.0,,1^3F_3,model_label,high,data/reference_spectrum_strange.csv,27,manual_from_page_screenshot,
GI1985-M0207,Godfrey-Isgur-1985.pdf,7,4,main,Fig. 4,strange,-u sbar; -d sbar,4+,1^3F_4,1,F,1,4,+,,2110.0,,1^3F_4,model_label,high,data/reference_spectrum_strange.csv,28,manual_from_page_screenshot,
GI1985-M0208,Godfrey-Isgur-1985.pdf,7,4,main,Fig. 4,strange,-u sbar; -d sbar,4-,1^1G_4,1,G,0,4,-,,2410.0,,1^1G_4,model_label,medium,data/reference_spectrum_strange.csv,29,manual_from_page_screenshot,
GI1985-M0209,Godfrey-Isgur-1985.pdf,7,4,main,Fig. 4,strange,-u sbar; -d sbar,4-,1^3G_4,1,G,1,4,-,,2440.0,,1^3G_4,model_label,medium,data/reference_spectrum_strange.csv,30,manual_from_page_screenshot,
GI1985-M0210,Godfrey-Isgur-1985.pdf,7,4,main,Fig. 4,strange,-u sbar; -d sbar,5-,1^3G_5,1,G,1,5,-,,2390.0,,1^3G_5,model_label,medium,data/reference_spectrum_strange.csv,31,manual_from_page_screenshot,
