clean_id,source,page,table,state_group,state_name,model,basis,amplitude,mass_shift_MeV,confidence,provenance_file,provenance_row,notes
GI1985-X0001,Godfrey-Isgur-1985.pdf,11,Table III,1 S0,eta(548),P1,1 ns,0.67,370,medium,data/raw/digitized_tables/table_iii_isoscalar_mixings/table_iii_visible_rows.provisional.csv,2,Image-audited visible pseudoscalar row from page-011.png; non-pseudoscalar Table III rows remain raw.
GI1985-X0002,Godfrey-Isgur-1985.pdf,11,Table III,1 S0,eta(548),P1,1 ss,-0.73,370,medium,data/raw/digitized_tables/table_iii_isoscalar_mixings/table_iii_visible_rows.provisional.csv,2,Image-audited visible pseudoscalar row from page-011.png; non-pseudoscalar Table III rows remain raw.
GI1985-X0003,Godfrey-Isgur-1985.pdf,11,Table III,1 S0,eta(548),P1,1 cc,0.001,370,medium,data/raw/digitized_tables/table_iii_isoscalar_mixings/table_iii_visible_rows.provisional.csv,2,Image-audited visible pseudoscalar row from page-011.png; non-pseudoscalar Table III rows remain raw.
GI1985-X0004,Godfrey-Isgur-1985.pdf,11,Table III,1 S0,eta(548),P1,1 bb,0.0002,370,medium,data/raw/digitized_tables/table_iii_isoscalar_mixings/table_iii_visible_rows.provisional.csv,2,Image-audited visible pseudoscalar row from page-011.png; non-pseudoscalar Table III rows remain raw.
GI1985-X0005,Godfrey-Isgur-1985.pdf,11,Table III,1 S0,eta(548),P1,2 ns,0.11,370,medium,data/raw/digitized_tables/table_iii_isoscalar_mixings/table_iii_visible_rows.provisional.csv,2,Image-audited visible pseudoscalar row from page-011.png; non-pseudoscalar Table III rows remain raw.
GI1985-X0006,Godfrey-Isgur-1985.pdf,11,Table III,1 S0,eta(548),P1,2 ss,0.042,370,medium,data/raw/digitized_tables/table_iii_isoscalar_mixings/table_iii_visible_rows.provisional.csv,2,Image-audited visible pseudoscalar row from page-011.png; non-pseudoscalar Table III rows remain raw.
GI1985-X0007,Godfrey-Isgur-1985.pdf,11,Table III,1 S0,eta(548),P1,2 cc,-0.0005,370,medium,data/raw/digitized_tables/table_iii_isoscalar_mixings/table_iii_visible_rows.provisional.csv,2,Image-audited visible pseudoscalar row from page-011.png; non-pseudoscalar Table III rows remain raw.
GI1985-X0008,Godfrey-Isgur-1985.pdf,11,Table III,1 S0,eta(548),P2,1 ns,0.68,340,medium,data/raw/digitized_tables/table_iii_isoscalar_mixings/table_iii_visible_rows.provisional.csv,3,Image-audited visible pseudoscalar row from page-011.png; non-pseudoscalar Table III rows remain raw.
GI1985-X0009,Godfrey-Isgur-1985.pdf,11,Table III,1 S0,eta(548),P2,1 ss,-0.73,340,medium,data/raw/digitized_tables/table_iii_isoscalar_mixings/table_iii_visible_rows.provisional.csv,3,Image-audited visible pseudoscalar row from page-011.png; non-pseudoscalar Table III rows remain raw.
GI1985-X0010,Godfrey-Isgur-1985.pdf,11,Table III,1 S0,eta(548),P2,1 cc,-0.005,340,medium,data/raw/digitized_tables/table_iii_isoscalar_mixings/table_iii_visible_rows.provisional.csv,3,Image-audited visible pseudoscalar row from page-011.png; non-pseudoscalar Table III rows remain raw.
GI1985-X0011,Godfrey-Isgur-1985.pdf,11,Table III,1 S0,eta(548),P2,1 bb,0.0003,340,medium,data/raw/digitized_tables/table_iii_isoscalar_mixings/table_iii_visible_rows.provisional.csv,3,Image-audited visible pseudoscalar row from page-011.png; non-pseudoscalar Table III rows remain raw.
GI1985-X0012,Godfrey-Isgur-1985.pdf,11,Table III,1 S0,eta(548),P2,2 ns,0.09,340,medium,data/raw/digitized_tables/table_iii_isoscalar_mixings/table_iii_visible_rows.provisional.csv,3,Image-audited visible pseudoscalar row from page-011.png; non-pseudoscalar Table III rows remain raw.
GI1985-X0013,Godfrey-Isgur-1985.pdf,11,Table III,1 S0,eta(548),P2,2 ss,0.051,340,medium,data/raw/digitized_tables/table_iii_isoscalar_mixings/table_iii_visible_rows.provisional.csv,3,Image-audited visible pseudoscalar row from page-011.png; non-pseudoscalar Table III rows remain raw.
GI1985-X0014,Godfrey-Isgur-1985.pdf,11,Table III,1 S0,eta(548),P2,2 cc,0.002,340,medium,data/raw/digitized_tables/table_iii_isoscalar_mixings/table_iii_visible_rows.provisional.csv,3,Image-audited visible pseudoscalar row from page-011.png; non-pseudoscalar Table III rows remain raw.
GI1985-X0015,Godfrey-Isgur-1985.pdf,11,Table III,1 S0,eta_prime(958),P1,1 ns,0.58,810,medium,data/raw/digitized_tables/table_iii_isoscalar_mixings/table_iii_visible_rows.provisional.csv,4,Image-audited visible pseudoscalar row from page-011.png; non-pseudoscalar Table III rows remain raw.
GI1985-X0016,Godfrey-Isgur-1985.pdf,11,Table III,1 S0,eta_prime(958),P1,1 ss,0.62,810,medium,data/raw/digitized_tables/table_iii_isoscalar_mixings/table_iii_visible_rows.provisional.csv,4,Image-audited visible pseudoscalar row from page-011.png; non-pseudoscalar Table III rows remain raw.
GI1985-X0017,Godfrey-Isgur-1985.pdf,11,Table III,1 S0,eta_prime(958),P1,1 cc,0.004,810,medium,data/raw/digitized_tables/table_iii_isoscalar_mixings/table_iii_visible_rows.provisional.csv,4,Image-audited visible pseudoscalar row from page-011.png; non-pseudoscalar Table III rows remain raw.
GI1985-X0018,Godfrey-Isgur-1985.pdf,11,Table III,1 S0,eta_prime(958),P1,1 bb,0.0005,810,medium,data/raw/digitized_tables/table_iii_isoscalar_mixings/table_iii_visible_rows.provisional.csv,4,Image-audited visible pseudoscalar row from page-011.png; non-pseudoscalar Table III rows remain raw.
GI1985-X0019,Godfrey-Isgur-1985.pdf,11,Table III,1 S0,eta_prime(958),P1,2 ns,0.47,810,medium,data/raw/digitized_tables/table_iii_isoscalar_mixings/table_iii_visible_rows.provisional.csv,4,Image-audited visible pseudoscalar row from page-011.png; non-pseudoscalar Table III rows remain raw.
GI1985-X0020,Godfrey-Isgur-1985.pdf,11,Table III,1 S0,eta_prime(958),P1,2 ss,0.13,810,medium,data/raw/digitized_tables/table_iii_isoscalar_mixings/table_iii_visible_rows.provisional.csv,4,Image-audited visible pseudoscalar row from page-011.png; non-pseudoscalar Table III rows remain raw.
GI1985-X0021,Godfrey-Isgur-1985.pdf,11,Table III,1 S0,eta_prime(958),P1,2 cc,-0.002,810,medium,data/raw/digitized_tables/table_iii_isoscalar_mixings/table_iii_visible_rows.provisional.csv,4,Image-audited visible pseudoscalar row from page-011.png; non-pseudoscalar Table III rows remain raw.
GI1985-X0022,Godfrey-Isgur-1985.pdf,11,Table III,1 S0,eta_prime(958),P2,1 ns,0.48,780,medium,data/raw/digitized_tables/table_iii_isoscalar_mixings/table_iii_visible_rows.provisional.csv,5,Image-audited visible pseudoscalar row from page-011.png; non-pseudoscalar Table III rows remain raw.
GI1985-X0023,Godfrey-Isgur-1985.pdf,11,Table III,1 S0,eta_prime(958),P2,1 ss,0.78,780,medium,data/raw/digitized_tables/table_iii_isoscalar_mixings/table_iii_visible_rows.provisional.csv,5,Image-audited visible pseudoscalar row from page-011.png; non-pseudoscalar Table III rows remain raw.
GI1985-X0024,Godfrey-Isgur-1985.pdf,11,Table III,1 S0,eta_prime(958),P2,1 cc,-0.008,780,medium,data/raw/digitized_tables/table_iii_isoscalar_mixings/table_iii_visible_rows.provisional.csv,5,Image-audited visible pseudoscalar row from page-011.png; non-pseudoscalar Table III rows remain raw.
GI1985-X0025,Godfrey-Isgur-1985.pdf,11,Table III,1 S0,eta_prime(958),P2,1 bb,0.0009,780,medium,data/raw/digitized_tables/table_iii_isoscalar_mixings/table_iii_visible_rows.provisional.csv,5,Image-audited visible pseudoscalar row from page-011.png; non-pseudoscalar Table III rows remain raw.
GI1985-X0026,Godfrey-Isgur-1985.pdf,11,Table III,1 S0,eta_prime(958),P2,2 ns,0.34,780,medium,data/raw/digitized_tables/table_iii_isoscalar_mixings/table_iii_visible_rows.provisional.csv,5,Image-audited visible pseudoscalar row from page-011.png; non-pseudoscalar Table III rows remain raw.
GI1985-X0027,Godfrey-Isgur-1985.pdf,11,Table III,1 S0,eta_prime(958),P2,2 ss,0.14,780,medium,data/raw/digitized_tables/table_iii_isoscalar_mixings/table_iii_visible_rows.provisional.csv,5,Image-audited visible pseudoscalar row from page-011.png; non-pseudoscalar Table III rows remain raw.
GI1985-X0028,Godfrey-Isgur-1985.pdf,11,Table III,1 S0,eta_prime(958),P2,2 cc,0.004,780,medium,data/raw/digitized_tables/table_iii_isoscalar_mixings/table_iii_visible_rows.provisional.csv,5,Image-audited visible pseudoscalar row from page-011.png; non-pseudoscalar Table III rows remain raw.
GI1985-X0029,Godfrey-Isgur-1985.pdf,11,Table III,1 S0,eta_c(2980),P1,1 ns,-0.008,,medium,data/raw/digitized_tables/table_iii_isoscalar_mixings/table_iii_visible_rows.provisional.csv,6,Image-audited visible pseudoscalar row from page-011.png; non-pseudoscalar Table III rows remain raw.
GI1985-X0030,Godfrey-Isgur-1985.pdf,11,Table III,1 S0,eta_c(2980),P1,1 ss,-0.005,,medium,data/raw/digitized_tables/table_iii_isoscalar_mixings/table_iii_visible_rows.provisional.csv,6,Image-audited visible pseudoscalar row from page-011.png; non-pseudoscalar Table III rows remain raw.
GI1985-X0031,Godfrey-Isgur-1985.pdf,11,Table III,1 S0,eta_c(2980),P1,1 cc,1,,medium,data/raw/digitized_tables/table_iii_isoscalar_mixings/table_iii_visible_rows.provisional.csv,6,Image-audited visible pseudoscalar row from page-011.png; non-pseudoscalar Table III rows remain raw.
GI1985-X0032,Godfrey-Isgur-1985.pdf,11,Table III,1 S0,eta_c(2980),P1,1 bb,0.0002,,medium,data/raw/digitized_tables/table_iii_isoscalar_mixings/table_iii_visible_rows.provisional.csv,6,Image-audited visible pseudoscalar row from page-011.png; non-pseudoscalar Table III rows remain raw.
GI1985-X0033,Godfrey-Isgur-1985.pdf,11,Table III,1 S0,eta_c(2980),P1,2 ns,0.004,,medium,data/raw/digitized_tables/table_iii_isoscalar_mixings/table_iii_visible_rows.provisional.csv,6,Image-audited visible pseudoscalar row from page-011.png; non-pseudoscalar Table III rows remain raw.
GI1985-X0034,Godfrey-Isgur-1985.pdf,11,Table III,1 S0,eta_c(2980),P1,2 ss,0.003,,medium,data/raw/digitized_tables/table_iii_isoscalar_mixings/table_iii_visible_rows.provisional.csv,6,Image-audited visible pseudoscalar row from page-011.png; non-pseudoscalar Table III rows remain raw.
GI1985-X0035,Godfrey-Isgur-1985.pdf,11,Table III,1 S0,eta_c(2980),P1,2 cc,-0.002,,medium,data/raw/digitized_tables/table_iii_isoscalar_mixings/table_iii_visible_rows.provisional.csv,6,Image-audited visible pseudoscalar row from page-011.png; non-pseudoscalar Table III rows remain raw.
GI1985-X0036,Godfrey-Isgur-1985.pdf,11,Table III,1 S0,eta_c(2980),P2,1 ns,-0.002,,medium,data/raw/digitized_tables/table_iii_isoscalar_mixings/table_iii_visible_rows.provisional.csv,7,Image-audited visible pseudoscalar row from page-011.png; non-pseudoscalar Table III rows remain raw.
GI1985-X0037,Godfrey-Isgur-1985.pdf,11,Table III,1 S0,eta_c(2980),P2,1 ss,-0.001,,medium,data/raw/digitized_tables/table_iii_isoscalar_mixings/table_iii_visible_rows.provisional.csv,7,Image-audited visible pseudoscalar row from page-011.png; non-pseudoscalar Table III rows remain raw.
GI1985-X0038,Godfrey-Isgur-1985.pdf,11,Table III,1 S0,eta_c(2980),P2,1 cc,1,,medium,data/raw/digitized_tables/table_iii_isoscalar_mixings/table_iii_visible_rows.provisional.csv,7,Image-audited visible pseudoscalar row from page-011.png; non-pseudoscalar Table III rows remain raw.
GI1985-X0039,Godfrey-Isgur-1985.pdf,11,Table III,1 S0,eta_c(2980),P2,1 bb,0.0002,,medium,data/raw/digitized_tables/table_iii_isoscalar_mixings/table_iii_visible_rows.provisional.csv,7,Image-audited visible pseudoscalar row from page-011.png; non-pseudoscalar Table III rows remain raw.
GI1985-X0040,Godfrey-Isgur-1985.pdf,11,Table III,1 S0,eta_c(2980),P2,2 ns,0.001,,medium,data/raw/digitized_tables/table_iii_isoscalar_mixings/table_iii_visible_rows.provisional.csv,7,Image-audited visible pseudoscalar row from page-011.png; non-pseudoscalar Table III rows remain raw.
GI1985-X0041,Godfrey-Isgur-1985.pdf,11,Table III,1 S0,eta_c(2980),P2,2 ss,0.001,,medium,data/raw/digitized_tables/table_iii_isoscalar_mixings/table_iii_visible_rows.provisional.csv,7,Image-audited visible pseudoscalar row from page-011.png; non-pseudoscalar Table III rows remain raw.
GI1985-X0042,Godfrey-Isgur-1985.pdf,11,Table III,1 S0,eta_c(2980),P2,2 cc,-0.002,,medium,data/raw/digitized_tables/table_iii_isoscalar_mixings/table_iii_visible_rows.provisional.csv,7,Image-audited visible pseudoscalar row from page-011.png; non-pseudoscalar Table III rows remain raw.
GI1985-X0043,Godfrey-Isgur-1985.pdf,11,Table III,2 S0,eta_r(?),P1,1 ns,-0.26,,medium,data/raw/digitized_tables/table_iii_isoscalar_mixings/table_iii_visible_rows.provisional.csv,8,Image-audited visible pseudoscalar row from page-011.png; non-pseudoscalar Table III rows remain raw.
GI1985-X0044,Godfrey-Isgur-1985.pdf,11,Table III,2 S0,eta_r(?),P1,1 ss,-0.17,,medium,data/raw/digitized_tables/table_iii_isoscalar_mixings/table_iii_visible_rows.provisional.csv,8,Image-audited visible pseudoscalar row from page-011.png; non-pseudoscalar Table III rows remain raw.
GI1985-X0045,Godfrey-Isgur-1985.pdf,11,Table III,2 S0,eta_r(?),P1,1 cc,-0.003,,medium,data/raw/digitized_tables/table_iii_isoscalar_mixings/table_iii_visible_rows.provisional.csv,8,Image-audited visible pseudoscalar row from page-011.png; non-pseudoscalar Table III rows remain raw.
GI1985-X0046,Godfrey-Isgur-1985.pdf,11,Table III,2 S0,eta_r(?),P1,1 bb,-0.0003,,medium,data/raw/digitized_tables/table_iii_isoscalar_mixings/table_iii_visible_rows.provisional.csv,8,Image-audited visible pseudoscalar row from page-011.png; non-pseudoscalar Table III rows remain raw.
GI1985-X0047,Godfrey-Isgur-1985.pdf,11,Table III,2 S0,eta_r(?),P1,2 ns,0.79,,medium,data/raw/digitized_tables/table_iii_isoscalar_mixings/table_iii_visible_rows.provisional.csv,8,Image-audited visible pseudoscalar row from page-011.png; non-pseudoscalar Table III rows remain raw.
GI1985-X0048,Godfrey-Isgur-1985.pdf,11,Table III,2 S0,eta_r(?),P1,2 ss,-0.44,,medium,data/raw/digitized_tables/table_iii_isoscalar_mixings/table_iii_visible_rows.provisional.csv,8,Image-audited visible pseudoscalar row from page-011.png; non-pseudoscalar Table III rows remain raw.
GI1985-X0049,Godfrey-Isgur-1985.pdf,11,Table III,2 S0,eta_r(?),P1,2 cc,0.001,,medium,data/raw/digitized_tables/table_iii_isoscalar_mixings/table_iii_visible_rows.provisional.csv,8,Image-audited visible pseudoscalar row from page-011.png; non-pseudoscalar Table III rows remain raw.
GI1985-X0050,Godfrey-Isgur-1985.pdf,11,Table III,2 S0,eta_r(?),P2,1 ns,0.07,,medium,data/raw/digitized_tables/table_iii_isoscalar_mixings/table_iii_visible_rows.provisional.csv,9,Image-audited visible pseudoscalar row from page-011.png; non-pseudoscalar Table III rows remain raw.
GI1985-X0051,Godfrey-Isgur-1985.pdf,11,Table III,2 S0,eta_r(?),P2,1 ss,0.08,,medium,data/raw/digitized_tables/table_iii_isoscalar_mixings/table_iii_visible_rows.provisional.csv,9,Image-audited visible pseudoscalar row from page-011.png; non-pseudoscalar Table III rows remain raw.
GI1985-X0052,Godfrey-Isgur-1985.pdf,11,Table III,2 S0,eta_r(?),P2,1 cc,-0.005,,medium,data/raw/digitized_tables/table_iii_isoscalar_mixings/table_iii_visible_rows.provisional.csv,9,Image-audited visible pseudoscalar row from page-011.png; non-pseudoscalar Table III rows remain raw.
GI1985-X0053,Godfrey-Isgur-1985.pdf,11,Table III,2 S0,eta_r(?),P2,1 bb,-0.0002,,medium,data/raw/digitized_tables/table_iii_isoscalar_mixings/table_iii_visible_rows.provisional.csv,9,Image-audited visible pseudoscalar row from page-011.png; non-pseudoscalar Table III rows remain raw.
GI1985-X0054,Godfrey-Isgur-1985.pdf,11,Table III,2 S0,eta_r(?),P2,2 ns,0.99,,medium,data/raw/digitized_tables/table_iii_isoscalar_mixings/table_iii_visible_rows.provisional.csv,9,Image-audited visible pseudoscalar row from page-011.png; non-pseudoscalar Table III rows remain raw.
GI1985-X0055,Godfrey-Isgur-1985.pdf,11,Table III,2 S0,eta_r(?),P2,2 ss,0.07,,medium,data/raw/digitized_tables/table_iii_isoscalar_mixings/table_iii_visible_rows.provisional.csv,9,Image-audited visible pseudoscalar row from page-011.png; non-pseudoscalar Table III rows remain raw.
GI1985-X0056,Godfrey-Isgur-1985.pdf,11,Table III,2 S0,eta_r(?),P2,2 cc,0.002,,medium,data/raw/digitized_tables/table_iii_isoscalar_mixings/table_iii_visible_rows.provisional.csv,9,Image-audited visible pseudoscalar row from page-011.png; non-pseudoscalar Table III rows remain raw.
GI1985-X0057,Godfrey-Isgur-1985.pdf,11,Table III,2 S0,eta_r_prime(?),P1,1 ns,-0.17,,medium,data/raw/digitized_tables/table_iii_isoscalar_mixings/table_iii_visible_rows.provisional.csv,10,Image-audited visible pseudoscalar row from page-011.png; non-pseudoscalar Table III rows remain raw.
GI1985-X0058,Godfrey-Isgur-1985.pdf,11,Table III,2 S0,eta_r_prime(?),P1,1 ss,-0.1,,medium,data/raw/digitized_tables/table_iii_isoscalar_mixings/table_iii_visible_rows.provisional.csv,10,Image-audited visible pseudoscalar row from page-011.png; non-pseudoscalar Table III rows remain raw.
GI1985-X0059,Godfrey-Isgur-1985.pdf,11,Table III,2 S0,eta_r_prime(?),P1,1 cc,-0.003,,medium,data/raw/digitized_tables/table_iii_isoscalar_mixings/table_iii_visible_rows.provisional.csv,10,Image-audited visible pseudoscalar row from page-011.png; non-pseudoscalar Table III rows remain raw.
GI1985-X0060,Godfrey-Isgur-1985.pdf,11,Table III,2 S0,eta_r_prime(?),P1,1 bb,-0.0003,,medium,data/raw/digitized_tables/table_iii_isoscalar_mixings/table_iii_visible_rows.provisional.csv,10,Image-audited visible pseudoscalar row from page-011.png; non-pseudoscalar Table III rows remain raw.
GI1985-X0061,Godfrey-Isgur-1985.pdf,11,Table III,2 S0,eta_r_prime(?),P1,2 ns,0.26,,medium,data/raw/digitized_tables/table_iii_isoscalar_mixings/table_iii_visible_rows.provisional.csv,10,Image-audited visible pseudoscalar row from page-011.png; non-pseudoscalar Table III rows remain raw.
GI1985-X0062,Godfrey-Isgur-1985.pdf,11,Table III,2 S0,eta_r_prime(?),P1,2 ss,0.86,,medium,data/raw/digitized_tables/table_iii_isoscalar_mixings/table_iii_visible_rows.provisional.csv,10,Image-audited visible pseudoscalar row from page-011.png; non-pseudoscalar Table III rows remain raw.
GI1985-X0063,Godfrey-Isgur-1985.pdf,11,Table III,2 S0,eta_r_prime(?),P1,2 cc,0.001,,medium,data/raw/digitized_tables/table_iii_isoscalar_mixings/table_iii_visible_rows.provisional.csv,10,Image-audited visible pseudoscalar row from page-011.png; non-pseudoscalar Table III rows remain raw.
GI1985-X0064,Godfrey-Isgur-1985.pdf,11,Table III,2 S0,eta_r_prime(?),P2,1 ns,0.09,,medium,data/raw/digitized_tables/table_iii_isoscalar_mixings/table_iii_visible_rows.provisional.csv,11,Image-audited visible pseudoscalar row from page-011.png; non-pseudoscalar Table III rows remain raw.
GI1985-X0065,Godfrey-Isgur-1985.pdf,11,Table III,2 S0,eta_r_prime(?),P2,1 ss,0.08,,medium,data/raw/digitized_tables/table_iii_isoscalar_mixings/table_iii_visible_rows.provisional.csv,11,Image-audited visible pseudoscalar row from page-011.png; non-pseudoscalar Table III rows remain raw.
GI1985-X0066,Godfrey-Isgur-1985.pdf,11,Table III,2 S0,eta_r_prime(?),P2,1 cc,-0.006,,medium,data/raw/digitized_tables/table_iii_isoscalar_mixings/table_iii_visible_rows.provisional.csv,11,Image-audited visible pseudoscalar row from page-011.png; non-pseudoscalar Table III rows remain raw.
GI1985-X0067,Godfrey-Isgur-1985.pdf,11,Table III,2 S0,eta_r_prime(?),P2,1 bb,-0.0001,,medium,data/raw/digitized_tables/table_iii_isoscalar_mixings/table_iii_visible_rows.provisional.csv,11,Image-audited visible pseudoscalar row from page-011.png; non-pseudoscalar Table III rows remain raw.
GI1985-X0068,Godfrey-Isgur-1985.pdf,11,Table III,2 S0,eta_r_prime(?),P2,2 ns,-0.16,,medium,data/raw/digitized_tables/table_iii_isoscalar_mixings/table_iii_visible_rows.provisional.csv,11,Image-audited visible pseudoscalar row from page-011.png; non-pseudoscalar Table III rows remain raw.
GI1985-X0069,Godfrey-Isgur-1985.pdf,11,Table III,2 S0,eta_r_prime(?),P2,2 ss,0.97,,medium,data/raw/digitized_tables/table_iii_isoscalar_mixings/table_iii_visible_rows.provisional.csv,11,Image-audited visible pseudoscalar row from page-011.png; non-pseudoscalar Table III rows remain raw.
GI1985-X0070,Godfrey-Isgur-1985.pdf,11,Table III,2 S0,eta_r_prime(?),P2,2 cc,0.003,,medium,data/raw/digitized_tables/table_iii_isoscalar_mixings/table_iii_visible_rows.provisional.csv,11,Image-audited visible pseudoscalar row from page-011.png; non-pseudoscalar Table III rows remain raw.
