transition,backend,coefficient_error,vector_distance,passed
A1,FD1200,0.0006563164105007901,0.00026647002103317443,true
A1,FD1800,0.0006059321980458332,0.00027610212726182957,true
A2,FD1200,0.0009568906575445624,5.856737266647183e-5,true
A2,FD1800,0.000812226199671473,6.18503510100133e-5,true
A3,FD1200,0.003907765412505926,0.0017976292187420555,true
A3,FD1800,0.0038835932677805385,0.0017926059718202118,true
A4,FD1200,0.0039077654125043715,0.0017976292187416516,true
A4,FD1800,0.0038835932677805385,0.0017926059718198625,true
A5,FD1200,0.0039077654125042605,0.0017976292187416507,true
A5,FD1800,0.0038835932677807605,0.0017926059718194577,true
A6,FD1200,0.0026966998747798288,0.0006887924566855325,true
A6,FD1800,0.002520035331988857,0.0006960828400291853,true
A7,FD1200,0.019155683936068035,0.005349543838591325,true
A7,FD1800,0.01919649412559843,0.005350575138110677,true
A8,FD1200,0.00011622482576578719,3.428988236522805e-5,true
A8,FD1800,5.392176840657292e-5,1.887982786674804e-5,true
A9,FD1200,0.0007487102431938952,8.926940137034163e-5,true
A9,FD1800,0.0007041774570608617,8.618823695055204e-5,true
