bin,left,right
1,0.8002754373949966,0.8130308462252039
2,0.8130308462252039,0.8257862550554111
3,0.8257862550554111,0.8385416638856185
4,0.8385416638856185,0.8512970727158258
5,0.8512970727158258,0.864052481546033
6,0.864052481546033,0.8768078903762403
7,0.8768078903762403,0.8895632992064476
8,0.8895632992064476,0.9023187080366548
9,0.9023187080366548,0.9150741168668621
10,0.9150741168668621,0.9278295256970694
11,0.9278295256970694,0.9405849345272768
12,0.9405849345272768,0.953340343357484
13,0.953340343357484,0.9660957521876913
14,0.9660957521876913,0.9788511610178986
15,0.9788511610178986,0.9916065698481058
16,0.9916065698481058,1.0043619786783131
17,1.0043619786783131,1.0171173875085204
18,1.0171173875085204,1.0298727963387277
19,1.0298727963387277,1.042628205168935
20,1.042628205168935,1.0553836139991422
21,1.0553836139991422,1.0681390228293495
22,1.0681390228293495,1.0808944316595568
23,1.0808944316595568,1.093649840489764
24,1.093649840489764,1.1064052493199714
25,1.1064052493199714,1.1191606581501787
26,1.1191606581501787,1.1319160669803858
27,1.1319160669803858,1.1446714758105931
28,1.1446714758105931,1.1574268846408005
29,1.1574268846408005,1.1701822934710078
30,1.1701822934710078,1.182937702301215
31,1.182937702301215,1.1956931111314224
32,1.1956931111314224,1.2084485199616295
33,1.2084485199616295,1.2212039287918368
34,1.2212039287918368,1.2339593376220441
35,1.2339593376220441,1.2467147464522514
