quantity,initial,final,value,stat,syst,source
a2,chi_c1,J/psi,-0.0626,0.0063,0.0024,CLEO PRD 80 112003 (arXiv:0910.0046)
a2,chi_c1,J/psi,-0.0740,0.0033,0.0034,BESIII PRD 95 072004 (arXiv:1701.01197)
b2,psi(2S),chi_c1,0.0276,0.0073,0.0023,CLEO PRD 80 112003 (arXiv:0910.0046)
b2,psi(2S),chi_c1,0.0229,0.0039,0.0027,BESIII PRD 95 072004 (arXiv:1701.01197)
a2,chi_c2,J/psi,-0.093,0.016,0.003,CLEO PRD 80 112003 (arXiv:0910.0046) a3=b3=0 fit
a2,chi_c2,J/psi,-0.120,0.013,0.004,BESIII PRD 95 072004 (arXiv:1701.01197)
b2,psi(2S),chi_c2,0.010,0.013,0.003,CLEO PRD 80 112003 (arXiv:0910.0046) a3=b3=0 fit
b2,psi(2S),chi_c2,0.017,0.008,0.002,BESIII PRD 95 072004 (arXiv:1701.01197)
a3,chi_c2,J/psi,-0.013,0.009,0.004,BESIII PRD 95 072004 (arXiv:1701.01197)
b3,psi(2S),chi_c2,-0.014,0.007,0.004,BESIII PRD 95 072004 (arXiv:1701.01197)
