source_id,sector,f1,f2,n,L,printed_angle_deg,angle_deg,source_f1,source_f2,conversion,printed_step_deg,source_location,parameter_set,state_convention,provenance
GI1985,us,u,s,1,P,34,34,u,s,identity,1,Fig. 4 caption,GI1985 Table II,lower = cos(theta) singlet + sin(theta) triplet,paper/Godfrey-Isgur-1985.pdf
GI1985,us,u,s,1,D,33,33,u,s,identity,1,Fig. 4 caption,GI1985 Table II,lower = cos(theta) singlet + sin(theta) triplet,paper/Godfrey-Isgur-1985.pdf
GI1985,us,u,s,2,P,15,15,u,s,identity,1,Fig. 4 caption,GI1985 Table II,lower = cos(theta) singlet + sin(theta) triplet,paper/Godfrey-Isgur-1985.pdf
GI1985,us,u,s,1,F,32,32,u,s,identity,1,Fig. 4 caption,GI1985 Table II,lower = cos(theta) singlet + sin(theta) triplet,paper/Godfrey-Isgur-1985.pdf
GI1985,us,u,s,2,D,25,25,u,s,identity,1,Fig. 4 caption,GI1985 Table II,lower = cos(theta) singlet + sin(theta) triplet,paper/Godfrey-Isgur-1985.pdf
GI1985,us,u,s,1,G,33,33,u,s,identity,1,Fig. 4 caption,GI1985 Table II,lower = cos(theta) singlet + sin(theta) triplet,paper/Godfrey-Isgur-1985.pdf
GI1985,cu,c,u,1,P,-41,-41,c,u,identity,1,Fig. 7 caption,GI1985 Table II,lower = cos(theta) singlet + sin(theta) triplet,paper/Godfrey-Isgur-1985.pdf
GI1985,cu,c,u,1,D,-39,-39,c,u,identity,1,Fig. 7 caption,GI1985 Table II,lower = cos(theta) singlet + sin(theta) triplet,paper/Godfrey-Isgur-1985.pdf
GI1985,cs,c,s,1,P,-44,-44,c,s,identity,1,Fig. 7 caption,GI1985 Table II,lower = cos(theta) singlet + sin(theta) triplet,paper/Godfrey-Isgur-1985.pdf
GI1985,cs,c,s,1,D,-39,-39,c,s,identity,1,Fig. 7 caption,GI1985 Table II,lower = cos(theta) singlet + sin(theta) triplet,paper/Godfrey-Isgur-1985.pdf
GI1985,bu,b,u,1,P,-43,-43,b,u,identity,1,Fig. 9 caption,GI1985 Table II,lower = cos(theta) singlet + sin(theta) triplet,paper/Godfrey-Isgur-1985.pdf
GI1985,bs,b,s,1,P,-45,-45,b,s,identity,1,Fig. 9 caption,GI1985 Table II,lower = cos(theta) singlet + sin(theta) triplet,paper/Godfrey-Isgur-1985.pdf
GI1985,bc,b,c,1,P,-53,-53,b,c,identity,1,Fig. 9 caption,GI1985 Table II,lower = cos(theta) singlet + sin(theta) triplet,paper/Godfrey-Isgur-1985.pdf
GK1991,us,u,s,1,P,-5,5,s,u,constituent_exchange,1,Table I; July 1986 draft / 1991 publication,GI1985 Table II,lower = cos(theta) singlet + sin(theta) triplet,research/gi-later-papers/Godfrey–Kokoski.pdf
GK1991,cu,c,u,1,P,-26,-26,c,u,identity,1,Table I; July 1986 draft / 1991 publication,GI1985 Table II,lower = cos(theta) singlet + sin(theta) triplet,research/gi-later-papers/Godfrey–Kokoski.pdf
GK1991,cs,c,s,1,P,-38,-38,c,s,identity,1,Table I; July 1986 draft / 1991 publication,GI1985 Table II,lower = cos(theta) singlet + sin(theta) triplet,research/gi-later-papers/Godfrey–Kokoski.pdf
GK1991,bu,b,u,1,P,-31,-31,b,u,identity,1,Table I; July 1986 draft / 1991 publication,GI1985 Table II,lower = cos(theta) singlet + sin(theta) triplet,research/gi-later-papers/Godfrey–Kokoski.pdf
GK1991,bs,b,s,1,P,-40,-40,b,s,identity,1,Table I; July 1986 draft / 1991 publication,GI1985 Table II,lower = cos(theta) singlet + sin(theta) triplet,research/gi-later-papers/Godfrey–Kokoski.pdf
GK1991,bc,b,c,1,P,68,68,b,c,identity,1,Table I; July 1986 draft / 1991 publication,GI1985 Table II,lower = cos(theta) singlet + sin(theta) triplet,research/gi-later-papers/Godfrey–Kokoski.pdf
