id,flavor1,flavor2,n,L,multiplicity,J,mass_GeV,mass_source,mixed
rho,q,q,1,S,3,1,0.776,existing Table VI audit kinematics,false
pi,q,q,1,S,1,0,0.138,existing Table VI audit kinematics,false
pi0,q,q,1,S,1,0,0.135,existing Table VI audit kinematics,false
A2,q,q,1,P,3,2,1.318,existing Table VI audit kinematics,false
A1,q,q,1,P,3,1,1.275,existing Table VI audit kinematics,false
B,q,q,1,P,1,1,1.231,existing Table VI audit kinematics,false
eta,q,q,1,S,1,0,0.548,Table III observed label,true
etaprime,s,s,1,S,1,0,0.958,Table III observed label,true
eta_r,q,q,2,S,1,0,1.44,Fig. 5 / Table III P1 assignment,true
etaprime_r,s,s,2,S,1,0,1.63,Fig. 5 P1 prediction,true
omega,q,q,1,S,3,1,0.783,existing Table VI audit kinematics,true
phi,s,s,1,S,3,1,1.02,existing Table VI audit kinematics,true
f,q,q,1,P,3,2,1.27,Table III observed label,true
fprime,s,s,1,P,3,2,1.525,existing Table VI audit kinematics,true
psi,c,c,1,S,3,1,3.097,existing Table VI audit kinematics,true
Upsilon,b,b,1,S,3,1,9.46,existing Table VI audit kinematics,true
eta_c,c,c,1,S,1,0,2.98,existing Table VI audit kinematics,true
etaprime_c,c,c,2,S,1,0,,existing Table VI audit kinematics,false
psiprime,c,c,2,S,3,1,3.686,existing Table VI audit kinematics,false
eta_b,b,b,1,S,1,0,9.4,Fig. 8 model label,false
etaprime_b,b,b,2,S,1,0,9.98,Fig. 8 model label,false
etadoubleprime_b,b,b,3,S,1,0,10.34,Fig. 8 model label,false
Upsilonprime,b,b,2,S,3,1,10.023,existing Table VI audit kinematics,false
Upsilondoubleprime,b,b,3,S,3,1,10.355,existing Table VI audit kinematics,false
chi_0c,c,c,1,P,3,0,3.415,existing Table VI audit kinematics,false
chi_1c,c,c,1,P,3,1,3.51,existing Table VI audit kinematics,false
chi_2c,c,c,1,P,3,2,3.556,existing Table VI audit kinematics,false
chi_0b,b,b,1,P,3,0,9.86,existing Table VI audit kinematics,false
chi_1b,b,b,1,P,3,1,9.892,existing Table VI audit kinematics,false
chi_2b,b,b,1,P,3,2,9.913,existing Table VI audit kinematics,false
chiprime_0b,b,b,2,P,3,0,10.23,Fig. 8 model label,false
chiprime_1b,b,b,2,P,3,1,10.25,Fig. 8 model label,false
chiprime_2b,b,b,2,P,3,2,10.26,Fig. 8 model label,false
Kstarplus,u,s,1,S,3,1,,,false
Kplus,u,s,1,S,1,0,,,false
Kstar0,d,s,1,S,3,1,,,false
K0,d,s,1,S,1,0,,,false
Dstarplus,c,d,1,S,3,1,,,false
Dplus,c,d,1,S,1,0,,,false
Dstar0,c,u,1,S,3,1,,,false
D0,c,u,1,S,1,0,,,false
Fstar,c,s,1,S,3,1,,,false
F,c,s,1,S,1,0,,,false
Bstarminus,u,b,1,S,3,1,,,false
Bminus,u,b,1,S,1,0,,,false
Bstar0,d,b,1,S,3,1,,,false
B0,d,b,1,S,1,0,,,false
Fbstar,b,s,1,S,3,1,,,false
Fb,b,s,1,S,1,0,,,false
Kstar2_1420,u,s,1,P,3,2,1.425,existing Table VI audit kinematics,false
K,u,s,1,S,1,0,0.494,existing Table VI audit kinematics,false
