source_id,sector,n,L,printed_angle_deg,target_angle_deg,computed_angle_deg,angular_distance_deg,target_singlet_probability,computed_singlet_probability,outside_percent,source_location,conversion
GI1985,us,1,P,34,34,4.321523588631277,29.67847641136872,0.6873032967079561,0.9943218769253748,0.024587378430673823,Fig. 4 caption,identity
GI1985,us,1,D,33,33,12.846314210734054,20.15368578926595,0.7033683215379002,0.9505664038559637,0.027307696307399265,Fig. 4 caption,identity
GI1985,us,2,P,15,15,14.205002593686132,0.7949974063138683,0.9330127018922194,0.9397827521546791,0.027777323507027774,Fig. 4 caption,identity
GI1985,us,1,F,32,32,12.603101792870875,19.396898207129126,0.7191855733945387,0.9523904733813244,3.3306690738754696e-14,Fig. 4 caption,identity
GI1985,us,2,D,25,25,20.173053242473063,4.82694675752694,0.8213938048432696,0.8810738023162623,0.02936749325523902,Fig. 4 caption,identity
GI1985,us,1,G,33,33,10.824098181651621,22.17590181834838,0.7033683215379002,0.9647332480189269,0.0,Fig. 4 caption,identity
GI1985,cu,1,P,-41,-41,-25.786073008504985,15.213926991495015,0.5695865504800327,0.8107643472553896,1.1102230246251565e-14,Fig. 7 caption,identity
GI1985,cu,1,D,-39,-39,-38.13914847912879,0.8608515208712078,0.6039558454088797,0.6186030708531679,0.0,Fig. 7 caption,identity
GI1985,cs,1,P,-44,-44,-39.55988129872482,4.440118701275182,0.5174497483512503,0.5943783660989483,1.1102230246251565e-14,Fig. 7 caption,identity
GI1985,cs,1,D,-39,-39,-38.44991151442953,0.5500884855704697,0.6039558454088797,0.6133271578918388,0.0,Fig. 7 caption,identity
GI1985,bu,1,P,-43,-43,-27.966888979698403,15.03311102030159,0.5348782368720626,0.7800753626431114,0.0,Fig. 9 caption,identity
GI1985,bs,1,P,-45,-45,-41.12317913566112,3.8768208643388817,0.5000000000000001,0.567456954796097,0.0,Fig. 9 caption,identity
GI1985,bc,1,P,-53,-53,69.15720345723847,57.84279654276153,0.3621813220915004,0.12659728520801483,2.220446049250313e-14,Fig. 9 caption,identity
GK1991,us,1,P,-5,5,4.321523588631277,0.6784764113687203,0.9924038765061041,0.9943218769253748,0.024587378430673823,Table I; July 1986 draft / 1991 publication,constituent_exchange
GK1991,cu,1,P,-26,-26,-25.786073008504985,0.21392699149501482,0.8078307376628292,0.8107643472553896,1.1102230246251565e-14,Table I; July 1986 draft / 1991 publication,identity
GK1991,cs,1,P,-38,-38,-39.55988129872482,1.559881298724818,0.6209609477998339,0.5943783660989483,1.1102230246251565e-14,Table I; July 1986 draft / 1991 publication,identity
GK1991,bu,1,P,-31,-31,-27.966888979698403,3.0331110203015896,0.7347357813929455,0.7800753626431114,0.0,Table I; July 1986 draft / 1991 publication,identity
GK1991,bs,1,P,-40,-40,-41.12317913566112,1.1231791356611183,0.5868240888334652,0.567456954796097,0.0,Table I; July 1986 draft / 1991 publication,identity
GK1991,bc,1,P,68,68,69.15720345723847,1.1572034572384666,0.1403300998306744,0.12659728520801483,2.220446049250313e-14,Table I; July 1986 draft / 1991 publication,identity
