multipole,parent,daughter,computed,paper,parenthetical,approximate,q_GeV,supplementary_mu,q_display_GeV,q_source,q_historical_GeV
M1,rho,pi,0.6885521665188042,0.69,false,false,0.3753412860636824,0.0,0.3753412860636824,PDG 2026,0.37572938144329904
M1,rho,eta,1.4454509994956428,1.53,false,false,0.1940489525606502,0.0,0.1940489525606502,PDG 2026,0.19450515463917523
M1,etaprime,rho,2.0057390776717687,1.85,false,false,0.16513115472548004,0.0,0.16513115472548004,PDG 2026,0.16471189979123166
M1,omega,pi,2.065085355700762,2.07,false,false,0.37915467955962645,0.0,0.37915467955962645,PDG 2026,0.3793390804597701
M1,omega,eta,0.46431590159191205,0.5,false,false,0.1995752043893188,0.0,0.1995752043893188,PDG 2026,0.1997349936143039
M1,etaprime,omega,0.6827907347778911,0.63,false,false,0.15911720784187605,0.0,0.15911720784187605,PDG 2026,0.15901617954070976
M1,phi,pi,0.0585344834543609,0.06,true,false,0.500384327303324,0.01,0.500384327303324,PDG 2026,0.5006647058823529
M1,phi,eta,0.7502644564432723,0.71,false,false,0.36251826263634646,0.0,0.36251826263634646,PDG 2026,0.362792156862745
M1,phi,etaprime,-0.5969105152371996,-0.66,false,false,0.059810329713109484,0.0,0.059810329713109484,PDG 2026,0.06011568627450984
M1,eta_r,omega,0.09014724639376338,-0.18,false,false,0.4101134769787444,0.0,0.4101134769787444,PDG 2026,0.5071218749999999
M1,eta_r,rho,0.3061247641649244,0.57,false,false,0.414565835004483,0.0,0.414565835004483,PDG 2026,0.5109111111111111
M1,eta_r,phi,0.5073447044389153,0.37,false,false,0.24518155203080766,0.0,0.24518155203080766,PDG 2026,0.35874999999999996
M1,etaprime_r,omega,-0.06989381912912501,0.01,false,false,,0.0,NaN,experimental assignment unavailable,0.6269358895705521
M1,etaprime_r,rho,-0.21178810912800416,0.008,false,false,,0.0,NaN,experimental assignment unavailable,0.6302834355828221
M1,etaprime_r,phi,-0.030495369602856655,-0.29,false,false,,0.0,NaN,experimental assignment unavailable,0.49585889570552144
M1,Kstarplus,Kplus,0.9122453125165839,0.91,false,false,0.30931078682463,0.0,0.30931078682463,PDG 2026,
M1,Kstar0,K0,-1.2007097963477118,-1.2,false,false,0.3095309503900983,0.0,0.3095309503900983,PDG 2026,
M1,Dstarplus,Dplus,-0.35250112371433073,-0.35,false,false,0.13568635973866885,0.0,0.13568635973866885,PDG 2026,
M1,Dstar0,D0,1.7790242094717534,1.78,false,false,0.13698943732018992,0.0,0.13698943732018992,PDG 2026,
M1,Fstar,F,-0.13432517152604906,-0.13,false,false,0.13894522450195307,0.0,0.13894522450195307,PDG 2026,
M1,Bstarminus,Bminus,1.3652021377031744,1.37,false,false,0.04514640711728998,0.0,0.04514640711728998,PDG 2026,
M1,Bstar0,B0,-0.775894862414848,-0.78,false,false,0.044838435459528925,0.0,0.044838435459528925,PDG 2026,
M1,Fbstar,Fb,-0.5520785766600963,-0.55,false,false,0.04829289528839114,0.0,0.04829289528839114,PDG 2026,
M1,psi,eta_c,0.6878101084977846,0.69,false,false,0.11075095339353601,0.0,0.11075095339353601,PDG 2026,0.1147899580238942
M1,psiprime,etaprime_c,0.6843188447400075,0.68,false,false,0.04801762556245468,0.0,0.04801762556245468,PDG 2026,
M1,psiprime,eta_c,-0.0580167076926886,-0.056,false,false,0.6351556716443852,0.0,0.6351556716443852,PDG 2026,0.6383879544221379
M1,Upsilon,eta_b,-0.12110566185707604,-0.13,false,false,0.06150062089418948,0.0,0.06150062089418948,PDG 2026,0.05980972515856268
M1,Upsilonprime,etaprime_b,-0.12112902825684638,-0.12,false,false,0.0243703014945009,0.0,0.0243703014945009,PDG 2026,0.04290776214706108
M1,Upsilonprime,eta_b,0.007692338672913518,0.007,false,false,0.6052348015873251,0.0,0.6052348015873251,PDG 2026,0.603638082410455
M1,Upsilondoubleprime,etadoubleprime_b,-0.12075623285747171,-0.12,false,false,,0.0,NaN,experimental assignment unavailable,0.014989135683245256
M1,Upsilondoubleprime,etaprime_b,0.007136625799629864,0.007,false,false,0.34997706492452924,0.0,0.34997706492452924,PDG 2026,0.36820980202800574
M1,Upsilondoubleprime,eta_b,-0.0037386578601813552,-0.004,false,false,0.9122350083756223,0.0,0.9122350083756223,PDG 2026,0.9109620956059871
M1,psi,eta,0.0014396841562246032,0.001,true,false,1.4999900081521789,0.0,1.4999900081521789,PDG 2026,1.5000169518889248
M1,psi,etaprime,0.002953295555501952,0.003,true,false,1.40034245126245,0.0,1.40034245126245,PDG 2026,1.40033015821763
M1,psi,pi0,0.0007447986368965033,0.0007,true,false,1.5455087290573613,0.0,1.5455087290573613,PDG 2026,1.5455576364223444
M1,psi,eta_r,-0.0013859804421595806,-0.002,true,false,1.278230649700679,0.0,1.278230649700679,PDG 2026,1.2137244107200518
M1,psi,etaprime_r,-0.0054943564702982185,-0.002,true,false,,0.0,NaN,experimental assignment unavailable,1.1195526315789475
M1,Upsilon,eta,9.563843387000733e-5,8.0e-5,true,false,4.714336348911651,0.0,4.714336348911651,PDG 2026,4.714127695560254
M1,Upsilon,etaprime,-3.2593257127166026e-5,3.0e-6,true,false,4.68171631641531,0.0,4.68171631641531,PDG 2026,4.681492389006343
M1,Upsilon,pi0,4.143512743698967e-8,0.0,true,true,4.729237087087922,0.0,4.729237087087922,PDG 2026,4.729036733615223
M1,Upsilon,eta_r,8.657992577006105e-5,-9.0e-5,true,false,4.641742522180297,0.0,4.641742522180297,PDG 2026,4.620401691331924
M1,Upsilon,etaprime_r,8.25390295056567e-5,0.0003,true,false,,0.0,NaN,experimental assignment unavailable,4.5895718816067665
M2,A2,pi,0.5605421719249183,0.55,false,false,0.65187388802259,0.0,0.65187388802259,PDG 2026,0.6517754172989377
M2,Kstar2_1420,K,0.4689669959117709,0.48,false,false,0.6282461206953903,0.0,0.6282461206953903,PDG 2026,0.6268733333333334
E1,A2,rho,0.15143021298097833,0.15,false,false,0.43112827017196625,0.0,0.43112827017196625,PDG 2026,0.430556904400607
E1,fprime,phi,-0.30303304016607807,-0.31,false,false,0.41617031852854935,0.0,0.41617031852854935,PDG 2026,0.4213852459016392
E1,A2,omega,0.44727787987825246,0.44,false,false,0.42675863893672067,0.0,0.42675863893672067,PDG 2026,0.42641691957511385
E1,A1,pi,0.6155034368789671,0.56,false,false,0.6072541375477566,0.0,0.6072541375477566,PDG 2026,0.6300317647058823
E1,B,pi,0.6319389905331717,0.63,false,false,0.606992606704753,0.0,0.606992606704753,PDG 2026,0.6077648253452478
E1,chi_2c,psi,0.5221073327509571,0.5,false,false,0.42961135361574687,0.0,0.42961135361574687,PDG 2026,0.4293766872890889
E1,chi_1c,psi,0.4539828176928661,0.44,false,false,0.3893857230535783,0.0,0.3893857230535783,PDG 2026,0.38870242165242136
E1,chi_0c,psi,0.3120201069980542,0.3,false,false,0.3037376204350222,0.0,0.3037376204350222,PDG 2026,0.3031941434846265
E1,psiprime,chi_2c,0.14508498018207933,0.14,false,false,0.12763926131190587,0.0,0.12763926131190587,PDG 2026,0.1277075420510037
E1,psiprime,chi_1c,0.15648846053919965,0.15,false,false,0.17125330559159904,0.0,0.17125330559159904,PDG 2026,0.1717981551817691
E1,psiprime,chi_0c,0.14690356509089902,0.14,false,false,0.2606675461682791,0.0,0.2606675461682791,PDG 2026,0.26103784590341844
E1,chi_2b,Upsilon,-0.17685307445489187,-0.18,false,false,0.44151302288528044,0.0,0.44151302288528044,PDG 2026,0.4426495006557041
E1,chi_1b,Upsilon,-0.167547447519183,-0.17,false,false,0.4229310995214399,0.0,0.4229310995214399,PDG 2026,0.4225669227658697
E1,chi_0b,Upsilon,-0.15023323866932647,-0.16,false,false,0.3909648839410471,0.0,0.3909648839410471,PDG 2026,0.3918864097363066
E1,Upsilonprime,chi_2b,-0.042584635130017236,-0.04,false,false,0.1105732823143833,0.0,0.1105732823143833,PDG 2026,0.10939638830689341
E1,Upsilonprime,chi_1b,-0.03960978753525292,-0.038,false,false,0.1297689123251576,0.0,0.1297689123251576,PDG 2026,0.13014391898633187
E1,Upsilonprime,chi_0b,-0.029624863777603573,-0.025,false,false,0.16261899387433176,0.0,0.16261899387433176,PDG 2026,0.16167459842362608
E1,chiprime_2b,Upsilonprime,-0.11797871077603184,-0.12,false,false,0.2423213013638603,0.0,0.2423213013638603,PDG 2026,0.234262719298246
E1,chiprime_2b,Upsilon,0.08580978801488526,0.09,false,false,0.7764411748159398,0.0,0.7764411748159398,PDG 2026,0.7688109161793364
E1,chiprime_1b,Upsilonprime,-0.11388187143560523,-0.11,false,false,0.2294344793700142,0.0,0.2294344793700142,PDG 2026,0.22448639024390274
E1,chiprime_1b,Upsilon,0.06836348148094112,0.069,false,false,0.7642413079787451,0.0,0.7642413079787451,PDG 2026,0.7595560975609746
E1,chiprime_0b,Upsilonprime,-0.10261203043435828,-0.1,false,false,0.20696353237234388,0.0,0.20696353237234388,PDG 2026,0.20490571847507372
E1,chiprime_0b,Upsilon,0.045121214598152874,0.047,false,false,0.7429703770851408,0.0,0.7429703770851408,PDG 2026,0.7410215053763433
E1,Upsilondoubleprime,chiprime_2b,-0.04683703321674622,-0.044,false,false,0.08608913421888816,0.0,0.08608913421888816,PDG 2026,0.0945642201834865
E1,Upsilondoubleprime,chi_2b,-0.020021619323669283,-0.02,false,false,0.4334187466031233,0.0,0.4334187466031233,PDG 2026,0.43256668276195065
E1,Upsilondoubleprime,chiprime_1b,-0.04264385164602314,-0.043,false,false,0.0991606164305518,0.0,0.0991606164305518,PDG 2026,0.10446764847899599
E1,Upsilondoubleprime,chi_1b,-0.007270534775903149,-0.008,false,false,0.4519994921149962,0.0,0.4519994921149962,PDG 2026,0.45264901014003
E1,Upsilondoubleprime,chiprime_0b,-0.031294991129870414,-0.03,false,false,0.12187423395235236,0.0,0.12187423395235236,PDG 2026,0.12424553355866752
E1,Upsilondoubleprime,chi_0b,0.001972875770293966,-0.002,false,false,0.4837973026045127,0.0,0.4837973026045127,PDG 2026,0.4831687590535983
E1,psi,A2,0.0027112801507677958,0.002,true,false,1.267902087810961,0.0,1.267902087810961,PDG 2026,1.2680473038424283
E1,psi,f,0.00980962740185309,0.024,true,false,1.2858204974542868,0.0,1.2858204974542868,PDG 2026,1.288102841459477
E1,psi,fprime,0.003004250199468463,0.01,true,false,1.176753980580155,0.0,1.176753980580155,PDG 2026,1.173035841136584
E1,Upsilon,A2,0.0025850021116591033,0.002,true,false,4.638361425493141,0.0,4.638361425493141,PDG 2026,4.638185835095138
E1,Upsilon,f,-0.0010265397722740762,-0.006,true,false,4.644227089670887,0.0,4.644227089670887,PDG 2026,4.64475158562368
E1,Upsilon,fprime,-0.001962416262549713,-0.002,true,false,4.608523722365716,0.0,4.608523722365716,PDG 2026,4.607081131078225
