figure	sector	state	mass_GeV	component	amplitude	paper_amplitude	probability
iii	q q	2^3S_1	1.4551193418744173	1^3S_1	-0.0018162150817352851		3.2986372231227085e-6
iii	q q	2^3S_1	1.4551193418744173	2^3S_1	0.9989321674105862	1.0	0.9978654750876115
iii	q q	2^3S_1	1.4551193418744173	3^3S_1	0.0001844019277301877		3.400407095060937e-8
iii	q q	2^3S_1	1.4551193418744173	1^3D_1	-0.045258790376325186	0.04	0.002048358106328145
iii	q q	2^3S_1	1.4551193418744173	2^3D_1	-0.008362859715112858		6.993742261465751e-5
iii	q q	2^3S_1	1.4551193418744173	3^3D_1	0.0035912034406020863		1.2896742151792263e-5
iv	q s	2^3S_1	1.578732727460321	1^3S_1	-0.0013211288704591464		1.7453814923606599e-6
iv	q s	2^3S_1	1.578732727460321	2^3S_1	0.9991899453925235	1.0	0.9983805469735141
iv	q s	2^3S_1	1.578732727460321	3^3S_1	6.04500700566454e-5		3.6542109698533367e-9
iv	q s	2^3S_1	1.578732727460321	1^3D_1	-0.0394156457648599	0.04	0.001553593131060918
iv	q s	2^3S_1	1.578732727460321	2^3D_1	-0.0070716269199095905		5.000790729439e-5
iv	q s	2^3S_1	1.578732727460321	3^3D_1	0.003755389783649819		1.4102952427141435e-5
vi	c c	1^3D_1	3.8182667951310507	1^3S_1	0.01327788798647688	0.01	0.00017630230938142706
vi	c c	1^3D_1	3.8182667951310507	2^3S_1	0.008237072387432428	-0.03	6.784936151580176e-5
vi	c c	1^3D_1	3.8182667951310507	3^3S_1	0.0011736048455413938	-0.01	1.3773483334782388e-6
vi	c c	1^3D_1	3.8182667951310507	1^3D_1	0.9998771783030629	1.0	0.999754371691295
vi	c c	1^3D_1	3.8182667951310507	2^3D_1	0.00028549832100890557		8.150929129890409e-8
vi	c c	1^3D_1	3.8182667951310507	3^3D_1	-0.00013334235478109523		1.7780183578567472e-8
