Q_GeV	alpha_GIModel	alpha_LO_QCD
0.45	0.5511241728899386	0.8015297419577451
0.4519032437467468	0.5507484313698376	0.7973797541150855
0.45381453713073705	0.5503701173874226	0.7932725187420666
0.4557339141973523	0.5499892184957045	0.7892073785811488
0.45766140913596687	0.5496057222759745	0.7851836897786195
0.4595970562805565	0.5492196163397273	0.7812008215446367
0.46154089011031035	0.5488308883306177	0.7772581558235658
0.4634929452502446	0.5484395259264478	0.7733550869742525
0.4654532564718197	0.548045516841189	0.7694910214598749
0.46742185869355957	0.5476488488270324	0.7656653775470537
0.4693987869816735	0.547249509676476	0.7618775850138888
0.47138407655068104	0.5468474872244433	0.7581270848666211
0.4733777627640391	0.5464427693504337	0.7544133290646231
0.47537988113477164	0.5460353439807095	0.750735780253431
0.47739046732610274	0.5456251990905138	0.7470939115055492
0.4794095571520915	0.5452123227063231	0.7434872060687603
0.48143718657827006	0.5447967029081359	0.739915157121694
0.4834733917222845	0.5443783278317922	0.7363772675364038
0.4855182088545376	0.5439571856713309	0.7328730496477276
0.48757167439883564	0.54353326468138	0.7294020250291985
0.48963382493303664	0.5431065531795819	0.7259637242752961
0.4917046971897023	0.542677039549055	0.7225576867898257
0.49378432805675193	0.5422447122408895	0.7191834605802284
0.49587275457811986	0.5418095597766794	0.7158406020576268
0.4979700139544152	0.5413715707510892	0.7125286758424212
0.5000761435435845	0.540930733834458	0.7092472545752585
0.5021911808615769	0.5404870377754383	0.7059959187331998
0.5043151635830129	0.5400404714036714	0.7027742564509207
0.506448129541855	0.5395910236324993	0.6995818633467863
0.508590116732082	0.5391386834617126	0.6964183423536441
0.5107411633083655	0.5386834399803351	0.693283303554187
0.5129013075867496	0.5382252823694456	0.6901763640207442
0.5150705880453335	0.5377641999050352	0.6870971476593597
0.5172490433249568	0.5373001819609028	0.6840452850580272
0.5194367122298879	0.5368332180115867	0.6810204133389505
0.5216336337285151	0.5363632976353336	0.6780221760147068
0.5238398469540408	0.5358904105171042	0.6750502228481944
0.5260553912051789	0.5354145464516165	0.6721042097162443
0.5282803059468537	0.5349356953464257	0.6691837984767919
0.5305146308109046	0.534453847225042	0.6662886568394923
0.5327584055967902	0.533968992230085	0.6634184582396837
0.5350116702722989	0.5334811206264749	0.660572881715591
0.5372744649742596	0.5329902228046624	0.657751611788679
0.5395468300092573	0.5324962892838939	0.6549543383470564
0.541828805854351	0.5319993107155154	0.6521807565318438
0.5441204331577946	0.5314992778863123	0.6494305666264162
0.5464217527397607	0.5309961817218872	0.6467034739484351
0.5487328055930681	0.5304900132900736	0.6439991887445923
0.5510536328839122	0.5299807638043873	0.6413174260879803
0.5533842759525976	0.5294684246275139	0.6386579057780176
0.555724776314275	0.5289529872748333	0.6360203522428555
0.5580751756596803	0.5284344434179804	0.63340449444419
0.5604355158558779	0.5279127848884424	0.6308100657844152
0.5628058389470058	0.5273880036811913	0.6282368040160492
0.5651861871550246	0.5268600919583533	0.6256844511533662
0.5675766028804701	0.5263290420529134	0.6231527533861763
0.5699771287032079	0.5257948464724554	0.620641460995688
0.5723878073831926	0.5252574979029372	0.6181503282723982
0.5748086818612286	0.524716989212501	0.615679113435952
0.5772397952597356	0.5241733134553176	0.6132275785569152
0.5796811908835167	0.5236264638754661	0.6107954894804106
0.5821329122205295	0.523076433910846	0.6083826157515633
0.5845950029426612	0.5225232171971242	0.6059887305427056
0.5870675069065058	0.5219668075717147	0.6036136105822956
0.5895504681541458	0.5214071990777903	0.601257036085498
0.592043930913937	0.5208443859683285	0.5989187906863876
0.5945479396012956	0.5202783627101868	0.5965986613717272
0.5970625388194897	0.5197091239882117	0.5942964384162783
0.5995877733604341	0.5191366647093771	0.5920119153196051
0.6021236882054876	0.5185609800069538	0.5897448887443294
0.6046703285262548	0.5179820652447084	0.5874951584557994
0.6072277396853902	0.5173999160211312	0.5852625272631341
0.6097959672374067	0.516814528173694	0.5830468009616069
0.6123750569294867	0.5162258977831337	0.5808477882763315
0.6149650547022973	0.5156340211777648	0.5786653008072209
0.6175660066908083	0.5150388949378188	0.5764991529751791
0.6201779592251143	0.5144405158998073	0.5743491619694976
0.6228009588312596	0.5138388811609126	0.5722151476964275
0.6254350522320674	0.5132339880834011	0.5700969327288891
0.6280802863479718	0.5126258342990607	0.567994342257298
0.6307367082978533	0.5120144177136612	0.5659072040414742
0.633404365399879	0.5113997365114351	0.5638353483636075
0.6360833051723445	0.510781789159581	0.561778607982252
0.6387735753345207	0.5101605744127857	0.5597368180873245
0.6414752238075041	0.5095360913177652	0.557709816256081
0.64418829871507	0.5089083392178244	0.5556974424100448
0.6469128483845298	0.5082773177574322	0.5536995387728649
0.6496489213475921	0.5076430268868142	0.551715949829081
0.6523965663412268	0.5070054668665582	0.5497465222837691
0.6551558323085335	0.5063646382722338	0.5477911050230511
0.6579267683996133	0.5057205419990247	0.5458495490754424
0.6607094239724441	0.5050731792663715	0.5439217075740194
0.6635038485937603	0.5044225516226238	0.5420074357193854
0.6663100920399347	0.5037686609497017	0.5401065907434167
0.6691282042978666	0.5031115094677633	0.5382190318737673
0.6719582355658706	0.5024510997398782	0.5363446202991172
0.6748002362545723	0.5017874346767061	0.5344832191351424
0.6776542569878051	0.5011205175411759	0.5326346933911931
0.6805203486035127	0.5004503519531686	0.5307989099376588
0.683398562154654	0.49977694189419775	0.528975737474008
0.6862889489101132	0.4991002917120892	0.5271650464974832
0.6891915603556124	0.49842040612565675	0.5253667092724361
0.692106448194629	0.49773729022937213	0.5235805998002904
0.6950336643493169	0.49705094949802864	0.5218065937901126
0.697973260961431	0.4963613897913957	0.5200445686297812
0.7009252903932562	0.49566861735886236	0.5182944033577367
0.7038898052285399	0.4949726388440687	0.5165559786353008
0.7068668582734289	0.49427346128952315	0.5148291767195511
0.70985650255741	0.4935710921412021	0.5131138814367365
0.7128587913342542	0.49286553925313276	0.5114099781562247
0.7158737780829663	0.49215681089195445	0.5097173537649646
0.7189015165087361	0.4914449157414579	0.5080358966424561
0.7219420605438962	0.4907298629070993	0.5063654966362124
0.7249954643488821	0.4900116619204884	0.5047060450377057
0.7280617823131973	0.4892903227438462	0.503057434558783
0.7311410690563815	0.4885658557744326	0.5014195593085448
0.7342333794289845	0.4878382718489395	0.4997923147706719
0.7373387685135423	0.48710758224784767	0.49817559778119325
0.7404572916255587	0.4863737986997459	0.4965693065066839
0.7435890043144907	0.4856369333856078	0.49497334042288293
0.746733962364738	0.48489699894302685	0.4933876002937231
0.7498922217966361	0.48415400847040346	0.4918119881507616
0.753063838867455	0.48340797553108467	0.4902464072730038
0.7562488700724008	0.48265891415745166	0.488690762167112
0.7594473721456223	0.4819068388549533	0.4871449585479881
0.7626594020612211	0.48115176460608344	0.48560890331972556
0.765885017034267	0.48039370687429733	0.48408250455691904
0.7691242745218171	0.47963268160786643	0.4825656714863264
0.772377232223939	0.4788687052436672	0.4810583144688737
0.7756439480847386	0.478101794710902	0.4795603449819969
0.7789244802933926	0.4773319674347478	0.47807167560231273
0.7822188872851845	0.47655924133993166	0.4765922199886103
0.7855272277425462	0.4757836348542266	0.47512189286515805
0.7888495605961026	0.4750051669118693	0.4736606100053196
0.7921859450257215	0.4742238569568916	0.4722082882154694
0.795536440461568	0.47343972494636677	0.47076484531920465
0.7989011065851629	0.4726527913535638	0.4693302001418459
0.8022800033304458	0.4718630771710092	0.46790427249521865
0.8056731908848428	0.4710706039134513	0.4664869831627137
0.8090807296903387	0.47027539362072346	0.4650782538846166
0.8125026804445531	0.469477468860505	0.4636780073437032
0.8159391041018222	0.4686768527309729	0.46228616715109316
0.8193900618742844	0.46787356886334386	0.46090265783235956
0.8228556152329705	0.4670676414243017	0.45952740481388515
0.8263358259088985	0.466259095118306	0.4581603344094637
0.8298307558941741	0.46544795518978044	0.45680137380713837
0.8333404674430935	0.46463424742517456	0.45545045105627546
0.8368650230732538	0.4638179981548969	0.45410749505486464
0.8404044855666656	0.4629992342551158	0.452834766588124
0.8439589179708716	0.46217798314942327	0.45159847767108213
0.84752838360007	0.46135427281035857	0.4503689207853728
0.8511129460362418	0.4605281317607882	0.44914604109285733
0.8547126691302833	0.4596995890751373	0.44792978434938924
0.8583276170031444	0.4588686743804694	0.44672009689679265
0.8619578540469696	0.4580354178574111	0.44551692565497175
0.8656034449262455	0.45719985024091636	0.4443202181141466
0.8692644545789531	0.45636200282086814	0.4431299223272141
0.8729409482177235	0.4555219074425112	0.44194598690223125
0.8766329913310004	0.45467959650671547	0.44076836099501854
0.8803406496842063	0.4538351029700623	0.43959699430188187
0.884063989320914	0.4529884603447525	0.4384318370524491
0.8878030765640231	0.45213970269833037	0.4372728400026211
0.891557978016941	0.4512888646532212	0.4361199544276343
0.8953287605647698	0.45043598138607654	0.43497313211523203
0.8991154913754975	0.44958108862692525	0.4338323253589442
0.9029182379011944	0.44872422265812406	0.43269748695147164
0.9067370678792146	0.4478654203131065	0.4315685701781746
0.9105720493334027	0.4470047189749231	0.4304455288106623
0.9144232505753055	0.4461421565745714	0.4293283171004833
0.9182907402053885	0.44527777158911064	0.4282168897729128
0.9221745871142583	0.4444116030395573	0.4271112020208366
0.9260748604838894	0.4435436904885578	0.4260112094987301
0.929991629788857	0.44267407403783493	0.42491686831672926
0.9339249647975737	0.4418027943254025	0.423828135034793
0.9378749355735331	0.44092989252254705	0.4227449666569554
0.9418416124765573	0.44005541033057016	0.4216673206256654
0.9458250661640505	0.43917938997728956	0.4205951548162135
0.9498253675922573	0.43830187421329403	0.41952842753124236
0.9538425880175273	0.43742290630794944	0.4184670974953411
0.9578767989975832	0.4365425300451523	0.41741112384972207
0.9619280723927965	0.4356607897188258	0.4163604661469769
0.9659964803674672	0.43477773012815707	0.4153150843459126
0.970082095391109	0.4338933965725707	0.41427493880646454
0.9741849902397405	0.43300783484643557	0.41323999028468594
0.9783052379971813	0.43212109123350195	0.4122101999278121
0.9824429120563541	0.4312332125010659	0.411185529269399
0.9865980861205919	0.4303442458938564	0.4101659402245328
0.9907708342049505	0.4294542391276448	0.4091513950851117
0.9949612306375276	0.4285632403825709	0.4081418565151976
0.9991693500607862	0.42767129829618467	0.40713728754643513
1.0033952674328845	0.4267784619562006	0.4061376515735399
1.0076390580290113	0.42588478089296067	0.40514291234985184
1.0119007974427259	0.4249903050716062	0.4041530339829538
1.0161805615873059	0.42409508488395303	0.40316798093035516
1.0204784266970985	0.4231991711400703	0.40218771799523745
1.024794469328879	0.422302615059559	0.40121221032226195
1.0291287663632145	0.4214054682625298	0.400241423393439
1.0334813950058324	0.4205077827602765	0.399275323024056
1.0378524327889969	0.41960961094564553	0.39831387535866497
1.0422419575728892	0.4187110055830978	0.39735704686712797
1.0466500475469953	0.41781201979846316	0.39640480434071884
1.0510767812314978	0.41691270706838535	0.3954571148882813
1.0555222374786746	0.41601312120945666	0.3945139459324421
1.0599864954743046	0.4151133163670415	0.39357526520587777
1.064469634739077	0.41421334700378776	0.392641040747635
1.068971735130008	0.4133132678878264	0.39171124089950293
1.0734928768418643	0.412413134080657	0.39078583430243735
1.0780331404085899	0.411513000924722	0.3898647898930348
1.082592606704742	0.4106129240306666	0.3889480769000572
1.0871713569469312	0.4097129592642878	0.3880356648410045
1.0917694726952678	0.40881316273316937	0.38712752351873625
1.0963870358548151	0.40791359077300715	0.38622362301814017
1.1010241286770484	0.40701429993362365	0.3853239337028471
1.1056808337613195	0.40611534696467255	0.3844284262119922
1.1103572340563284	0.40521678880103695	0.3835370714570208
1.1150534128616012	0.4043186825479199	0.3826498406185389
1.1197694538289735	0.40342108546563227	0.3817667051432067
1.1245054409640804	0.4025240549540775	0.3808876367406761
1.1292614586278529	0.40162764853693744	0.38001260738056936
1.134037591538021	0.4007319238455613	0.3791415892894998
1.1388339247706223	0.39983693860256	0.3782745549481335
1.1436505437615174	0.3989427506051114	0.37741147708829087
1.1484875343079124	0.39804941770797686	0.376552328690088
1.153344982569886	0.3971569978062355	0.3756970829791169
1.158222975071926	0.39626554881773907	0.3748457134236644
1.1631215987044685	0.39537512866529223	0.3739981937319682
1.1680409407254473	0.3944857952585629	0.3731544978495105
1.172981088761847	0.3935976064757274	0.372314599956348
1.1779421308112654	0.39271062014485614	0.371478474464478
1.182924155243479	0.3918248940250454	0.3706460960152398
1.1879272508020189	0.39094048578730123	0.36981743947675066
1.1929515066057501	0.3900574529951816	0.3689924799413772
1.1979970121504604	0.3891758530852029	0.36817119272323895
1.203063857310453	0.3882957433470198	0.3673535533557465
1.2081521323401492	0.3874171809033825	0.3665395375891717
1.213261927875694	0.3865402226898822	0.3657291213882502
1.2183933349365728	0.3856649254344907	0.3649222809298158
1.2235464449272304	0.384791345636903	0.3641189926004663
1.2287213496387017	0.38391953954769165	0.3633192329942596
1.2339181412502442	0.3830495631472821	0.3625229789104402
1.2391369123309819	0.382181472124758	0.3617302073511962
1.2443777558415534	0.381315321856505	0.3609408955194445
1.2496407651357673	0.3804511673847062	0.360155020816646
1.2549260339622663	0.37958906339569576	0.3593725608406487
1.2602336564661962	0.37872906419818464	0.3585934933835591
1.265563727190883	0.3778712237013671	0.35781779642964096
1.270916341079518	0.37701559539292073	0.35704544815324163
1.2762915934768466	0.3761622323169116	0.3562764269167449
1.2816895801308696	0.3753111870516156	0.3555107112685504
1.2871103971945466	0.3744625116872703	0.35474827994107877
1.2925541412275094	0.37361625780376745	0.3539891118488029
1.2980209091977828	0.3727724764483017	0.35323318608630383
1.30351079848351	0.37193121811298735	0.3524804819263522
1.3090239068746892	0.37109253271245746	0.35173097881801313
1.3145603325749144	0.37025646956145936	0.35098465638477644
1.3201201742031246	0.3694230773524601	0.35024149442270985
1.325703530795361	0.3685924041332781	0.34950147289863565
1.331310501806531	0.36776449728475435	0.34876457194833077
1.336941187112179	0.36693940349847903	0.34803077187474935
1.3425956870102669	0.36611716875458944	0.34730005314626755
1.3482741022229592	0.36529783829965423	0.346572396394951
1.3539765338984182	0.3644814566246608	0.34584778241484304
1.359703083612605	0.36366806744312163	0.3451261921602753
1.3654538533710896	0.36285771366931613	0.344407606744199
1.371228945610867	0.3620504373966853	0.3436920074365373
1.3770284632021828	0.3612462798763959	0.342979375662557
1.3828525094503648	0.360445281496091	0.34226969300126264
1.3887011880976639	0.3596474817588452	0.3415629411838084
1.394574603325101	0.3588529192623416	0.34085910209193054
1.4004728597543241	0.3580616316782882	0.3401581577563995
1.406396062449471	0.35727365573209235	0.3394600903554904
1.4123443169190404	0.3564890271828107	0.3387648822134726
1.4183177291177727	0.3557077808033935	0.33807251579911773
1.4243164054485362	0.3549299503612405	0.3373829737242264
1.4303404527642225	0.35415556859908937	0.336696238742172
1.4363899783696503	0.35338466721625167	0.33601229374646313
1.4424650900234766	0.3526172768502184	0.3353311217693233
1.448565895940116	0.3518534270586512	0.33465270598028735
1.4546925047916686	0.35109314630178	0.3339770296848155
1.4608450257098557	0.3503364619252238	0.33330407632292397
1.4670235682879635	0.3495834001432551	0.3326338294678319
1.4732282425827952	0.3488339860225255	0.33196627282462493
1.4794591591166317	0.3480882434662712	0.33130139022893446
1.4857164288792009	0.3473461951990172	0.330639165645633
1.4920001633296527	0.3466078627517992	0.32997958316754533
1.4983104743985467	0.3458732664479199	0.32932262701417436
1.5046474744898453	0.345142425389259	0.3286682815304428
1.5110112764829144	0.34441535744315577	0.3280165311854498
1.5174019937345367	0.34369207922987954	0.32736736057124205
1.5238197400809288	0.34297260611070823	0.32672075440159926
1.5302646298397695	0.3422569521766303	0.32607669751083496
1.536736777812237	0.341545130237689	0.32543517485261014
1.5432362992850526	0.340837151812984	0.32479617149876205
1.5497633100325348	0.3401330271213484	0.32415967263814605
1.5563179263186615	0.339432765072716	0.3235256635754911
1.5629002648991415	0.33873637326019546	0.3228941297302691
1.569510443023493	0.33804385795286684	0.322265056635577
1.5761485784371336	0.33735522408931407	0.3216384299370321
1.5828147893834765	0.3366704752719103	0.3210142353916804
1.5895091946060378	0.3359896137618676	0.32039245886691714
1.5962319133505498	0.33531264047506665	0.3197730863394205
1.602983065367088	0.33463955497867803	0.31915610389409715
1.609762770912201	0.33397035548858844	0.3185414977230403
1.6165711507510554	0.3333050388676432	0.3179292541244993
1.6234083261595849	0.33264360062471676	0.31731935950186196
1.6302744189266514	0.3319860349146222	0.3167118003626475
1.6371695513562146	0.3313323345388679	0.3161065633175119
1.6440938462695103	0.33068249094727364	0.31550363507926416
1.6510474270072375	0.3300364942404522	0.31490300246189407
1.6580304174317575	0.3293943331731658	0.31430465237961075
1.6650429419292976	0.328755995158564	0.31370857184589246
1.6720851254121682	0.3281214662733094	0.313114747972547
1.6791570933209885	0.3274907312635973	0.31252316796878304
1.686258971626919	0.3268637735520733	0.31193381914029117
1.693390886833907	0.3262405752456531	0.31134668888833655
1.7005529659809395	0.3256211171442479	0.31076176470886085
1.707745336644306	0.32500537875039714	0.3101790341915944
1.7149681269398713	0.32439333827980976	0.30959848501917886
1.7222214655253567	0.3237849726728151	0.309020104966299
1.7295054816026327	0.3231802576067215	0.3084438818988248
1.7368203049200206	0.3225791675090829	0.3078698037729628
1.7441660657746025	0.3219816755718694	0.307297858634417
1.7515428950145437	0.32138775376653894	0.3067280346175588
1.758950924041422	0.32079737286000565	0.3061603199446071
1.7663902848125694	0.3202105024314994	0.30559470292481594
1.7738611098434225	0.31962711089030993	0.305031171953673
1.7813635322098822	0.31904716549440826	0.3044697155121052
1.7888976855506848	0.31847063236993667	0.303910322165694
1.796463704069783	0.31789747653155787	0.30335298056389953
1.8040617225387352	0.3173276619036527	0.3027976794392923
1.8116918762991066	0.31676115134235455	0.30224440760679433
1.8193543012648805	0.3161979066584085	0.30169315396292806
1.827049133924879	0.3156378886408402	0.30114390748507347
1.8347765113451937	0.3150810570814213	0.3005966572307336
1.8425365711716286	0.31452737079991455	0.30005139233680733
1.8503294516321502	0.3139767876700821	0.29950810201887146
1.8581552915393509	0.31342926464643905	0.2989667755704688
1.8660142302929217	0.31288475779173447	0.2984274023624055
1.873906407882134	0.3123432223051378	0.297889971842055
1.8818319648883348	0.31180461255111236	0.2973544735326701
1.8897910424874504	0.3112688820889526	0.2968208970327018
1.8977837824525001	0.310735983702963	0.29628923201512625
1.9058103271561229	0.3102058694332548	0.2957594682267781
1.9138708195731127	0.30967849060713565	0.29523159548769184
1.9219654032829654	0.3091537978710681	0.294705603690449
1.9300942224724367	0.3086317412231687	0.294181482799534
1.9382574219381092	0.308112270046222	0.2936592228506951
1.9464551470889744	0.30759533314118104	0.29313881395031327
1.9546875439490194	0.30708087876112544	0.2926202462747775
1.9629547591598302	0.3065688546456483	0.2921035100698667
1.9712569399832032	0.306059208055641	0.29158859565013767
1.9795942343037685	0.30555188580844506	0.29107549339832056
1.987966790631623	0.3050468343133407	0.2905641937647197
1.9963747581049784	0.30454399960733824	0.29005468726662137
2.004818286492815	0.30404332739124196	0.2895469644877073
2.013297526197551	0.3035447630659509	0.2890410160774749
2.0218126282577207	0.303048251768965	0.288536832750663
2.0303637443506655	0.30255373841106115	0.28803440528668406
2.038951026795236	0.3020611677131062	0.2875337245290617
2.0475746285545053	0.3015704842429703	0.28703478138487465
2.0562347032384913	0.3010816324525081	0.2865375668242067
2.064931405106897	0.30059455671456947	0.2860420718796011
2.0736648890718543	0.30010920136000796	0.28554828764552215
2.0824353107006863	0.29962551071464805	0.28505620527782133
2.091242826218677	0.2991434291361781	0.2845658159932094
2.100087592511854	0.29866290105093224	0.2840771110687337
2.1089697671297847	0.29818387099052623	0.2835900818412611
2.11788950828838	0.297706283628311	0.2831047197069659
2.1268469748727146	0.2972300838156098	0.28262101612082324
2.1358423264398567	0.2967552166177028	0.28213896259610793
2.1448757232217095	0.2962816273495253	0.28165855070389756
2.1539473261278665	0.2958092616110437	0.28117977207258166
2.1630572967484776	0.29533806532227724	0.28070261838737504
2.1722057973571256	0.2948679847579295	0.2802270813898369
2.1813929909137193	0.2943989665815981	0.2797531528773941
2.1906190410673942	0.29393095787952966	0.27928082470286936
2.19988411215943	0.29346390619388746	0.278810088774015
2.2091883692261747	0.29299775955550117	0.27834093705304996
2.2185319780019865	0.29253246651606724	0.2778733615562032
2.227915104922187	0.2920679761797711	0.27740735435325986
2.2373379171260224	0.29160423823430087	0.276942907567114
2.246800582459644	0.2911412029812255	0.2764800133733239
2.256303269479096	0.29067882136570916	0.27601866399967295
2.265846147453319	0.29021704500553636	0.2755588517257348
2.2754293863671653	0.2897558262194216	0.27510056888244255
2.285053156924426	0.28929511805458014	0.2746438078516622
2.2947176305508714	0.28883487431353616	0.274188561065771
2.304422979397306	0.28837504958014626	0.27373482100723906
2.314169376342634	0.2879155992448176	0.2732825802082158
2.323956994996939	0.2874564795289012	0.27283183125012006
2.3337860097045753	0.28699764750824125	0.2723825667632346
2.343656595547276	0.2865390611358639	0.27193477942630445
2.3535689283472703	0.2860806792637891	0.27148846196613907
2.3635231846704134	0.28562246166395194	0.2710436071572188
2.373519541829336	0.2851643690482181	0.2706002078213047
2.383558177886598	0.2847063630874845	0.2701582568270525
2.3936392716578645	0.2842484064298515	0.2697177470896304
2.403763002715088	0.28379046271786	0.26927867157034047
2.413929551389707	0.28333249660478477	0.2688410232762435
2.4241390987758624	0.28287447376997615	0.26840479525978794
2.4343918267336173	0.28241636093324873	0.26796998061844246
2.4446879178922	0.2819581258683098	0.2675365724943316
2.4550275556532575	0.28149973741522744	0.26710456407387523
2.46541092419412	0.2810411654919372	0.26667394858743143
2.475838208471084	0.2805823811047877	0.26624471930894333
2.4863095942227047	0.2801233563581277	0.26581686955558853
2.496825267973107	0.27966406446293696	0.26539039268743203
2.507385417035305	0.27920447974450713	0.2649652821070835
2.517990229514542	0.2787445776491775	0.2645415312593562
2.5286398943116377	0.27828433475013337	0.26411913363093087
2.539334601126356	0.27782372875227573	0.2636980827500212
2.5500745404607814	0.2773627384961722	0.26327837218604416
2.5608599036227155	0.2769013439610998	0.26285999554929174
2.571690882729081	0.2764395262671919	0.2624429464906074
2.5825676707093477	0.275977267676704	0.2620272187010646
2.5934904613089653	0.2755145515944098	0.26161280591164854
2.6044594490928183	0.2750513625671465	0.2611997018929412
2.6154748294486883	0.27458768628252356	0.2607879004548094
2.626536798590737	0.27412350956681264	0.2603773954460951
2.637645553563	0.273658820382038	0.2599681807543097
2.6488012922428963	0.27319360782228563	0.2595602503053302
2.660004213344754	0.2727278621092514	0.25915359806309884
2.671254516423351	0.2722615745870486	0.25874821802932557
2.6825524018774662	0.2717947377162972	0.2583441042431927
2.693898070953453	0.27132734506751566	0.25794125078106306
2.7052917257488205	0.2708593913138386	0.25753965175619054
2.7167335692158368	0.2703908722230832	0.2571393013184331
2.7282238051651415	0.269921784649188	0.2567401936539691
2.739762638269378	0.2694521265230475	0.25634232298501547
2.751350274066837	0.26898189684276785	0.2559456835695493
2.7629869189651215	0.26851109566336684	0.25555026970103095
2.7746727802448183	0.26803972408594373	0.25515607570813137
2.7864080660631947	0.2675677842463436	0.2547630959544601
2.7981929854579053	0.26709527930334087	0.2543713248382969
2.8100277483507132	0.26662221342636777	0.2539807567923257
2.8219125655512323	0.2661485917828107	0.25359138628337075
2.8338476487606803	0.2656744205249018	0.2532032078121355
2.845833210575651	0.26519970677622884	0.25281621591294334
2.8578694644919014	0.2647244586178876	0.25243040515348136
2.8699566249081516	0.2642486850743022	0.2520457701345463
2.88209490712991	0.2637723960987357	0.25166230548979224
2.8942845273733004	0.26329560255851603	0.2512800058854813
2.9065257027689215	0.2628183162199991	0.25089886602023637
2.9188186513657075	0.26234054973329196	0.250518880624796
2.931163592134818	0.26186231661675835	0.2501400444617717
2.9435607449735346	0.26138363124132813	0.24976235232540692
2.9560103307091796	0.2609045088146317	0.2493857990413391
2.9685125711030493	0.2604249653649785	0.24901037946636292
2.981067688854363	0.25994501772520195	0.24863608848819663
2.993675907604232	0.25946468351638635	0.24826292102524947
3.006337451939641	0.2589839811314969	0.24789087202639218
3.0190525473974517	0.2585029297189288	0.24751993647072862
3.0318214204684173	0.25802154916599257	0.24715010936737022
3.0446442986012157	0.25753986008235186	0.2467813857552122
3.0575214102065074	0.257057883783428	0.24641376070271143
3.0704529846609963	0.2565756422737867	0.2460472293076668
3.083439252311521	0.25609315823052003	0.2456817866970013
3.0964804444791554	0.25561045498663537	0.2453174280265459
3.1095767934633303	0.2551275565144648	0.24495414848082575
3.122728532545971	0.25464448740910495	0.2445919432728478
3.1359358959956505	0.2541612728718971	0.2442308076438907
3.149199119071768	0.2536779386939576	0.24387073686329624
3.1625184380287314	0.2531945112397668	0.2435117262282631
3.175894090120175	0.25271101743082336	0.24315377106364158
3.1893263136031784	0.25222748472937234	0.24279686672173112
3.2028153477425123	0.2517439411222111	0.24244100858207912
3.216361432814903	0.2512604151045798	0.24208619205128115
3.2299648101133083	0.25077693566414005	0.24173241256278385
3.243625721951221	0.25029353226504536	0.24137966557668855
3.2573444116669776	0.2498102348321076	0.24103049122038198
3.2711211236281015	0.24932707373505913	0.240705731315453
3.28495610323565	0.24884407977291528	0.24038184538360188
3.2988495969285854	0.2483612841584357	0.24005882990159877
3.3128018521881692	0.24787871850268578	0.23973668136512594
3.326813117542365	0.24739641479969823	0.23941539628865083
3.340883642570271	0.24691440541123288	0.23909497120530065
3.3550136779065616	0.24643272305163458	0.23877540266673764
3.3692034752459517	0.2459514007727863	0.23845668724303512
3.383453287347684	0.24547047194915564	0.23813882152255503
3.397763368040027	0.24498997026293173	0.23782180211182619
3.4121339722248	0.2445099296892496	0.23750562563542327
3.426565355881909	0.24403038448149836	0.23719028873584747
3.441057776073912	0.24355136915670927	0.23687578807340712
3.455611490950595	0.2430729184810198	0.23656212032610022
3.4702267597535683	0.24259506745520962	0.2362492821894972
3.4849038428208896	0.2421178513003027	0.23593727037662504
3.4996430015916955	0.24164130544323276	0.23562608161785212
3.514444498610864	0.2411654655025654	0.23531571266077386
3.5293085975336855	0.24069036727427295	0.23500616027009974
3.5442355631305644	0.24021604671755653	0.23469742122754048
3.559225661291734	0.23974253994071087	0.23438949233169673
3.5742791590319873	0.23926988318702563	0.23408237039794855
3.5893963244954437	0.23879811282071942	0.23377605225834522
3.604577426960314	0.23832726531290083	0.23347053476149682
3.619822736843707	0.23785737722755151	0.23316581477246567
3.63513252570644	0.23738848520752684	0.23286188917265943
3.650507066257877	0.23692062596056918	0.2325587548597247
3.6659466323607894	0.23645383624532926	0.2322564087474411
3.6814514990362293	0.23598815285739183	0.23195484776561717
3.697021942468435	0.2355236126153005	0.23165406885998582
3.7126582400097434	0.2350602523465789	0.23135406899210148
3.7283606701855354	0.234598108873744	0.23105484513923794
3.7441295126991965	0.23413721900030815	0.23075639429428657
3.759965048437096	0.23367761949676719	0.23045871346565563
3.7758675594735953	0.23321934708657158	0.2301617996771705
3.7918373290760665	0.23276243843207817	0.22986564996797432
3.807874641709945	0.2323069301204801	0.2295702613924295
3.82397978304379	0.23185285864971442	0.22927563102002033
3.8401530399543766	0.23140026041434386	0.22898175593525585
3.856394700531808	0.23094917169141388	0.2286886332375737
3.8727050540846406	0.23049962862628298	0.22839626004124472
3.889084391145044	0.2300516672184261	0.2281046334752784
3.905533003473971	0.22960532330721206	0.2278137506833286
3.92205118406636	0.2291606325576544	0.2275236088236005
3.93863922715635	0.22871763044613708	0.22723420506875813
3.955297428222521	0.22827635224611675	0.22694553660583236
3.972026083993162	0.2278368330138019	0.2266576006361297
3.988825492451551	0.2273991075738125	0.2263703943751421
4.005695952841268	0.2269632105048215	0.2260839150524571
4.022637765671521	0.2265291761251814	0.22579815991166863
4.039651232722503	0.22609703847853926	0.22551312621028866
4.056736657050764	0.2256668313194435	0.22522881121965957
4.073894342994609	0.2252385880989467	0.22494521222486702
4.091124596179524	0.2248123419502082	0.22466232652465337
4.108427723523614	0.22438812567410243	0.22438015143133228
4.125804033243076	0.2239659717248368	0.22409868427070315
4.143253834857682	0.22354591219558517	0.22381792238196704
4.160777439196298	0.22312797880414287	0.2235378631176425
4.178375158402423	0.22271220287860877	0.22325850384348264
4.196047305939737	0.22229861534310197	0.22297984193839226
4.213794196597701	0.22188724670351828	0.2227018747943461
4.23161614649715	0.2214781270333355	0.2224245998163074
4.249513473095936	0.2210712859594729	0.22214801442214702
4.267486495194572	0.22066675264821448	0.2218721160425635
4.285535532941918	0.2202645557912024	0.2215969021210034
4.3036609078408805	0.2198647235915098	0.22132237011358225
4.321862942754139	0.21946728374980112	0.2210485174890064
4.340141961909904	0.21907226345058867	0.22077534172849492
4.3584982909076775	0.21867968934859447	0.22050284032570255
4.37693225672407	0.21828958755522626	0.2202310107866432
4.3954441877186134	0.2179019836251777	0.21995985062961348
4.414034413639613	0.2175169025431617	0.21968935738511752
4.432703265630025	0.21713436871078662	0.2194195285957918
4.4514510762333455	0.21675440593358616	0.21915036181633088
4.470278179399547	0.21637703740821146	0.21888185461341345
4.489184910491015	0.21600228570979751	0.21861400456562888
4.50817160628853	0.21563017277951232	0.21834680926340477
4.527238604997264	0.2152607199123007	0.2180802663089344
4.546386246252801	0.21489394774483278	0.217814373316105
4.565614871127194	0.21452987624366718	0.21754912791042674
4.584924822135032	0.21416852469364123	0.21728452772896203
4.604316443239548	0.21380991168649663	0.2170205704202551
4.623790079858747	0.21345405510975382	0.21675725364426252
4.6433460788715495	0.21310097213584395	0.21649457507228426
4.66298478862398	0.21275067921151047	0.21623253238689458
4.682706558935366	0.2124031920474902	0.2159711232818742
4.702511741104576	0.2120585256084859	0.2157103454621426
4.722400687916266	0.21171669410343985	0.21545019664369083
4.7423737536471755	0.2113777109761199	0.21519067455351473
4.762431294072432	0.2110415888960284	0.21493177692954896
4.782573666471887	0.2107083397496447	0.214673501520601
4.802801229636484	0.21037797463201147	0.21441584608628605
4.823114343874646	0.21005050383867535	0.2141588083969623
4.843513371018702	0.20972593685799207	0.21390238623366659
4.863998674431314	0.20940428236380615	0.21364657738805037
4.8845706190119715	0.2090855482085151	0.21339137966231653
4.905229571203479	0.20876974141652765	0.2131367908691564
4.925975898998479	0.2084568681781258	0.21288280883168723
4.946809971946022	0.20814693384373983	0.21262943138339005
4.9677321611581355	0.20783994291864535	0.21237665636804837
4.988742839316441	0.20753589905809144	0.21212448163968659
5.00984238067879	0.20723480506286793	0.21187290506250964
5.031031161085932	0.20693666287532084	0.21162192451084247
5.0523095579682105	0.20664147357582338	0.21137153786907031
5.073677950352281	0.20634923737971037	0.21112174303157913
5.095136718867871	0.2060599536346836	0.21087253790269658
5.116686245754549	0.20577362081869502	0.21062392039663358
5.138326914868544	0.20549023653831422	0.2103758884374259
5.160059111689576	0.20520979752758695	0.21012843995887648
5.181883223327725	0.2049322996473901	0.2098815729044982
5.203799638530327	0.2046577378852889	0.20963528522745647
5.2258087476888955	0.2043861063559013	0.2093895748905133
5.247910942846082	0.20411739830177425	0.20914443986597056
5.270106617702651	0.203851606094776	0.20889987813561445
5.292396167624498	0.20358872123800803	0.20865588769066015
5.314779989649694	0.20332873436824012	0.2084124665316967
5.337258482495551	0.20307163525887106	0.20816961266863251
5.3598320465657325	0.20281741282341753	0.20792732412064094
5.382501083957375	0.20256605511953255	0.20768559891610672
5.405265998468263	0.20231754935355487	0.20744443509257218
5.428127195604014	0.20207188188559022	0.2072038306966843
5.451085082585302	0.20182903823512405	0.20696378378414204
5.474140068355115	0.2015890030871659	0.20672429241964374
5.497292563586032	0.20135176029892382	0.20648535467683532
5.52054298068755	0.2011172929070078	0.20624696863825856
5.5438917338134175	0.20088558313515975	0.20600913239529983
5.56733923886902	0.20065661240250737	0.20577184404813897
5.590885913518789	0.2004303613323386	0.20553510170569902
5.614532177193632	0.20020680976139255	0.20529890348559576
5.638278451098416	0.19998593674966292	0.20506324751408794
5.66212515821946	0.19976772059070783	0.20482813192602756
5.686072723332082	0.19955213882246095	0.20459355486481093
5.710121573008146	0.19933916823853795	0.20435951448232947
5.734272135623683	0.1991287849000298	0.2041260089389215
5.758524841366507	0.19892096414777688	0.20389303640332382
5.782880122243877	0.19871568061511508	0.20366059505262393
5.807338412090204	0.19851290824108456	0.20342868307221243
5.831900146574767	0.19831262028409252	0.20319729865573585
5.856565763209478	0.1981147893360195	0.20296644000504988
5.8813357013566785	0.1979193873367585	0.20273610533017228
5.906210402236957	0.1977263855891761	0.20250629284923735
5.931190308937022	0.19753575477448287	0.20227700078844946
5.956275866417576	0.19734746496800212	0.20204822738203757
5.981467521521261	0.19716148565532213	0.20181997087220982
6.006765722980604	0.19697778574882008	0.20159222950910877
6.032170921426016	0.19679633360454254	0.2013650015507664
6.057683569393822	0.19661709703942803	0.20113828526305969
6.08330412133431	0.19644004334885704	0.20091207891966678
6.10903303361984	0.19626513932451323	0.200686380802023
6.134870764552966	0.19609235127254007	0.2004611891992772
6.160817774374601	0.1959216450319764	0.20023650240824864
6.186874525272211	0.19575298599345334	0.2000123187333843
6.213041481388058	0.19558633911813575	0.19978863648671574
6.23931910882746	0.19542166895689006	0.19956545398781708
6.26570787566709	0.19525893966966001	0.1993427695637629
6.292208251963325	0.19509811504503202	0.19912058154908624
6.318820709760609	0.19493915851997107	0.19889888828573737
6.345545723099867	0.19478203319970772	0.19867768812304223
6.372383768026947	0.19462670187775696	0.19845697941766166
6.399335322601098	0.19447312705604872	0.19823676053355077
6.42640086690349	0.1943212709651504	0.19801702984191824
6.4535808830457615	0.19417109558456058	0.19779778572118642
6.480875855178611	0.19402256266305404	0.19757902655695136
6.508286269500412	0.19387563373905742	0.19736075074194318
6.535812614265889	0.19373027016103406	0.19714295667598664
6.563455379794802	0.19358643310785856	0.19692564276596208
6.591215058480682	0.1934440836091591	0.19670880742576674
6.619092144799609	0.193303182565607	0.1964924490762759
6.64708713531901	0.19316369076913303	0.19627656614530464
6.675200528706515	0.19302556892304942	0.19606115706756988
6.70343282573883	0.1928887776620562	0.19584622028465248
6.731784529310662	0.19275327757211305	0.1956317542449595
6.760256144443679	0.19261902921015392	0.19541775740368708
6.788848178295499	0.1924859931236261	0.19520422822278335
6.817561140168731	0.19235412986983272	0.19499116517091136
6.846395541520042	0.19222340003505872	0.19477856672341265
6.875351895969271	0.19209376425346195	0.19456643136227092
6.904430719308578	0.19196518322570846	0.19435475757607573
6.933632529511622	0.191837617737335	0.19414354385998678
6.962957846742809	0.19171102867681863	0.19393278871569805
6.99240719336653	0.19158537705333684	0.19372249065140268
7.021981093956491	0.19146062401419933	0.1935126481817574
7.05168007530504	0.1913367308619355	0.19330325982784782
7.081504666432558	0.19121365907101992	0.19309432411715366
7.111455398596883	0.19109137030422113	0.19288583958351402
7.141532805302767	0.19096982642855664	0.19267780476709342
7.1717374223113906	0.19084898953084084	0.19247021821434743
7.202069787649887	0.19072882193281043	0.192263078477989
7.232530441620953	0.1906092862058145	0.19205638411695475
7.263119926812443	0.19049034518505573	0.19185013369637155
7.29383878810706	0.19037196198337128	0.19164432578752333
7.3246875726920475	0.19025410000454082	0.19143895896781807
7.3556668300689365	0.19013672295611228	0.19123403182075516
7.386777112063341	0.1900197948617339	0.1910295429358925
7.418018972834778	0.18990328007298446	0.19082549090881462
7.44939296888655	0.1897871432806929	0.1906218743411
7.480899659075643	0.1896713495257396	0.19041869184028967
7.512539604622702	0.1895558642093326	0.1902159420198549
7.544313369122005	0.1894406531027529	0.19001362349916615
7.576221518551517	0.18932568235656413	0.18981173490346145
7.608264621282963	0.18921091850928112	0.1896102748638154
7.640443248091968	0.18909632849549546	0.18940924201710804
7.672757972168202	0.1889818796534545	0.18920863500599444
7.705209369125601	0.1888675397320925	0.18900845247887377
7.737798017012632	0.18875327689751303	0.18880869308985915
7.770524496322564	0.1886390597389229	0.1886093554987476
7.803389390003829	0.18852485727401788	0.1884104383709897
7.836393283470394	0.18841063895382285	0.18821194037766031
7.869536764612203	0.18829637466698823	0.18801386019542846
7.902820423805632	0.1881820347435464	0.18781619650652828
7.936244853924009	0.18806758995813255	0.1876189479987297
7.969810650348193	0.18795301153267466	0.18742211336530937
8.003518410977152	0.18783827113855836	0.18722569130502184
8.037368736238632	0.18772334089827405	0.18702968052207083
8.07136222909984	0.18760819338655269	0.18683407972608082
8.105499495078202	0.18749280163099882	0.1866388876320687
8.13978114225213	0.18737713911222978	0.18644410296041558
8.174207781271859	0.18726117976353027	0.18624972443683893
8.208780025370336	0.1871448979700326	0.18605575079236467
8.24349849037413	0.18702826856743346	0.18586218076329963
8.2783637947144	0.18691126684025855	0.18566901309120415
8.31337655943792	0.18679386851968707	0.18547624652286474
8.348537408218148	0.18667604978094837	0.18528387981026687
8.383846967366312	0.1865577872403045	0.1850919117105683
8.41930586584258	0.18643905795163138	0.18490034098607214
8.454914735267277	0.18631983940261262	0.18470916640420026
8.490674209932111	0.18620010951056162	0.1845183867374669
8.526584926811482	0.18607984661788463	0.18432800076345235
8.562647525573837	0.18595902948720172	0.1841380072647769
8.59886264859305	0.18583763729614017	0.18394840502907478
8.635230940959872	0.18571564963181597	0.1837591928489686
8.671753050493418	0.18559304648502	0.1835703695220435
8.708429627752716	0.1854698082441239	0.18338193385082166
8.745261326048285	0.18534591568872288	0.18319388464273723
8.782248801453767	0.18522134998303158	0.18300622071011094
8.819392712817638	0.1850960926690491	0.18281894087012518
8.856693721774915	0.18497012565951002	0.18263204394479915
8.89415249275896	0.18484343123063787	0.18244552876096418
8.931769693013305	0.18471599201471758	0.18225939415023915
8.969545992603551	0.18458779099250325	0.18207363894900608
9.007482064429286	0.1844588114854775	0.181888261998386
9.045578584236083	0.1843290371479788	0.18170326214421462
9.083836230627536	0.18419845195921256	0.18151863823701858
9.122255685077347	0.18406704021516193	0.1813343891319916
9.160837631941456	0.18393478652041395	0.18115051368897075
9.199582758470244	0.1838016757799164	0.18096701077241303
9.238491754820775	0.18366769319067988	0.18078387925137188
9.277565314069074	0.183532824233441	0.18060111799947406
9.316804132222487	0.18339705466429956	0.18041872589489646
9.356208908232082	0.18326037050634508	0.18023670182034318
9.395780344005082	0.1831227580412855	0.1800550446630228
9.435519144417382	0.1829842038010916	0.17987375331462552
9.475426017326095	0.18284469455966973	0.17969282667130088
9.51550167358218	0.18270421732457512	0.17951226363363498
9.55574682704308	0.1825627593287785	0.17933206310662866
9.596162194585444	0.18242030802249584	0.17915222399967512
9.636748496117919	0.18227685106509342	0.17897274522653772
9.677506454593939	0.18213237631707824	0.17879362570532858
9.718436796024623	0.18198687183218332	0.17861486435848642
9.759540249491705	0.18184032584955773	0.17843646011275527
9.800817547160525	0.18169272678606962	0.1782584118991627
9.84226942429306	0.18154406322873118	0.1780807186529987
9.88389661926102	0.1813943239272528	0.17790337931379444
9.92569987355902	0.1812434977867335	0.17772639282530087
9.967679931817772	0.18109157386049496	0.17755435189563365
10.009837541817337	0.18093854134306478	0.17739214939949352
10.052173454500483	0.18078438956331447	0.17723024298887952
10.094688423986023	0.18062910797775772	0.17706863185381613
10.137383207582266	0.18047268616401302	0.17690731518727956
10.1802585658005	0.18031511381443505	0.17674629218518423
10.223315262368558	0.18015638072991816	0.17658556204636947
10.26655406424439	0.179996476813875	0.17642512397258622
10.309975741629746	0.17983539206639307	0.1762649771684838
10.353581067983898	0.17967311657857066	0.1761051208415967
10.397370820037404	0.17950964052703497	0.17594555420233168
10.441345777805946	0.17934495416864243	0.17578627646395464
10.485506724604233	0.17917904783536256	0.17562728684257775
10.529854447059956	0.17901191192934585	0.17546858455714645
10.574389735127781	0.17884353691817523	0.17531016882942693
10.619113382103436	0.1786739133303012	0.17515203888399317
10.664026184637844	0.17850303175065924	0.17499419394821433
10.709128942751304	0.17833088281646953	0.17483663325224222
10.754422459847742	0.17815745721321577	0.17467935602899887
10.799907542729025	0.17798274567080366	0.17452236151416384
10.845585001609344	0.1778067389598948	0.17436564894616213
10.89145565012962	0.17762942788841568	0.17420921756615157
10.937520305372017	0.17745080329823776	0.17405306661801082
10.983779787874496	0.17727085606202708	0.17389719534832696
11.030234921645423	0.17708957708025982	0.17374160300638364
11.076886534178247	0.1769069572784008	0.17358628884414884
11.123735456466239	0.17672298760424207	0.17343125211626284
11.17078252301732	0.17653765902539742	0.17327649208002655
11.21802857186888	0.17635096252695037	0.17312200799538935
11.265474444602734	0.17616288910925101	0.17296779912493745
11.313120986360127	0.17597342978585817	0.17281386473388213
11.36096904585675	0.17578257558162363	0.17266020409004815
11.409019475397887	0.17559031753091417	0.17250681646386196
11.457273130893581	0.1753966466759671	0.17235370112834036
11.5057308718739	0.17520155406537619	0.17220085735907883
11.554393561504227	0.17500503075270346	0.17204828443424022
11.603262066600633	0.17480706779521285	0.1718959816345434
11.65233725764535	0.17460765625272223	0.17174394824325181
11.701620008802237	0.1744067871865695	0.1715921835461624
11.751111197932367	0.17420445165868884	0.17144068683159436
11.800811706609682	0.1740006407307935	0.17128945739037799
11.850722420136664	0.1737953454636611	0.1711384945158436
11.900844227560126	0.173588556916518	0.17098779750381066
11.951178021687038	0.17338026614651866	0.17083736565257665
12.001724699100448	0.17317046420831658	0.17068719826290624
12.052485160175426	0.17295914215372382	0.17053729463802053
12.103460309095118	0.17274629103145447	0.17038765408358622
12.15465105386686	0.17253190188695017	0.17023827590770485
12.206058306338331	0.17231596576228345	0.1700891594209022
12.257682982213812	0.17209847369613612	0.16994030393611767
12.309526001070482	0.1718794167238498	0.16979170876869365
12.361588286374827	0.1716587858775453	0.16964337323636514
12.413870765499054	0.17143657218630895	0.1694952966592492
12.466374369737625	0.17121276667644172	0.16934747835983474
12.519100034323868	0.17098736037177018	0.1691999176629719
12.57204869844659	0.1707603442940156	0.16905261389586207
12.625221305266848	0.17053170946321974	0.16890556638804743
12.678618801934718	0.17030144689822438	0.16875877447140097
12.732242139606205	0.1700695476172029	0.16861223748011617
12.786092273460145	0.16983600263824195	0.16846595475069714
12.840170162715232	0.1696008029799713	0.16831992562194847
12.894476770647127	0.1693639396622394	0.16817414943496528
12.949013064605587	0.1691254037068342	0.1680286255331234
13.003780016031708	0.1688851861382468	0.16788335326206938
13.058778600475222	0.1686432779844763	0.16773833196971077
13.114009797611903	0.1683996702778753	0.16759356100620634
13.169474591260974	0.1681543540560343	0.16744903972395642
13.225173969402656	0.16790732036270312	0.16730476747759312
13.281108924195777	0.16765856024874973	0.1671607436239709
13.337280451995422	0.16740806477315423	0.1670169675221568
13.393689553370686	0.1671558250040375	0.16687343853342115
13.450337233122507	0.1669018320197235	0.16673015602122795
13.507224500301566	0.16664607690983477	0.16658711935122555
13.564352368226245	0.16638855077641995	0.16644432789123725
13.621721854500677	0.16612924473511317	0.16630178101125195
13.679333981032908	0.16586814991632387	0.166159478083415
13.737189774053048	0.1656052574664577	0.1660174184820189
13.795290264131578	0.16534055854916724	0.1658756015834941
13.853636486197725	0.16507404434663175	0.16573402676639992
13.912229479557858	0.16480570606086695	0.1655926934114155
13.971070287914028	0.16453553491506298	0.16545160090133074
14.03015995938254	0.1642635221549513	0.16531074862103726
14.089499546512657	0.16398965905019966	0.16517013595751961
14.149090106305309	0.16371393689583555	0.16502976229984614
14.208932700231934	0.1634363470136972	0.1648896270391605
14.269028394253407	0.1631568807539124	0.1647497295686724
14.329378258838998	0.16287552949640566	0.16461006928364924
14.389983368985456	0.16259228465243208	0.16447064558140717
14.450844804236146	0.16230713766613947	0.16433145786130252
14.511963648700306	0.16202008001615756	0.16419250552472314
14.573340991072321	0.16173110321721512	0.1640537879750798
14.634977924651132	0.16144019882178431	0.16391530461779774
14.696875547359733	0.16114735842175254	0.16377705486030802
14.759034961764687	0.16085257365012215	0.16363903811203917
14.821457275095792	0.16055583618273767	0.16350125378440886
14.88414359926579	0.16025713774004058	0.16336370129081534
14.947095050890201	0.15995647008885194	0.1632263800466293
15.010312751307174	0.159653825044183	0.16308928946918538
15.07379782659748	0.1593491944710735	0.16295242897777423
15.137551407604587	0.15904257028645824	0.162815797993634
15.20157462995477	0.1587339444610616	0.1626793959399423
15.265868634077364	0.15842330902132035	0.1625432222418082
15.330434565225062	0.15811065605133498	0.162407276326264
15.395273573494343	0.1577959776948489	0.16227155762225723
15.460386813845922	0.15747926615725716	0.1621360655606427
15.525775446125337	0.15716051370764295	0.16200079957417451
15.591440635083634	0.15683971268084324	0.16186575909749812
15.657383550398075	0.1565168554795434	0.16173094356714243
15.72360536669299	0.1561919345764008	0.16159635242151216
15.790107263560703	0.1558649425161974	0.16146198510087975
15.856890425582558	0.15553587191802132	0.16132784104737785
15.92395604234998	0.1552047154774784	0.16119391970499142
15.991305308485694	0.15487146596893256	0.16106022051955016
16.058939423665016	0.15453611624777577	0.16092674293872078
16.12685959263719	0.15419865925272777	0.16079348641199953
16.195067025246853	0.15385908800816545	0.1606604503907045
16.263562936455624	0.15351739562648153	0.16052763432796813
16.332348546363697	0.15317357531047363	0.1603950376787297
16.4014250802316	0.1528276203557627	0.16026265989972796
16.470793768502013	0.1524795241532419	0.16013050044949362
16.5404558468217	0.15212928019155453	0.15999855878834196
16.61041255606349	0.15177688205960307	0.15986683437836552
16.680665142348403	0.15142232344908732	0.1597353266834268
16.751214857067854	0.1510655981570728	0.15960403516915103
16.822062956905913	0.15070670008858955	0.1594729593029188
16.893210703861723	0.15034562325926054	0.15934209855385892
16.96465936527194	0.1499823617979602	0.1592114523928414
17.036410213833374	0.14961690994950302	0.15908102029247
17.10846452762558	0.149249262077362	0.15895080172707546
17.18082359013367	0.14887941266641722	0.1588207961727082
17.253488690271187	0.1485073563257339	0.15869100310713144
17.326461122403025	0.14813308779137066	0.15856142200981416
17.399742186368503	0.14775660192921733	0.15843205236192415
17.473333187504526	0.14737789373786214	0.15830289364632102
17.547235436668842	0.1469969583514887	0.15817394534754936
17.621450250263365	0.14661379104280253	0.1580452069518319
17.695978950257636	0.14622838722598624	0.15791667794706277
17.770822864212395	0.14584074245968434	0.15778835782280046
17.84598332530319	0.145450852450017	0.15766024607026125
17.92146167234415	0.14505871305362203	0.15753234218231255
17.997259249811815	0.1446643202807262	0.157404645653466
18.07337740786912	0.14426767029824425	0.15727715597987096
18.149817502389393	0.14386875943290647	0.15714987265930777
18.22658089498054	0.14346758417441402	0.1570227951911814
18.30366895300931	0.1430641411786217	0.15689592307651448
18.381083049625623	0.14265842727074857	0.15676925581794124
18.458824563787033	0.14225043944861515	0.15664279291970062
18.536894880283302	0.14184017488590764	0.15651653388763
18.615295389761087	0.14142763093546834	0.15639047822915866
18.694027488748663	0.14101280513261252	0.15626462545330158
18.77309257968082	0.1405956951984707	0.15613897507065277
18.852492070923883	0.14017629904335616	0.15601352659337916
18.93222737680073	0.13975461477015774	0.15588827953521417
19.012299917616023	0.13933064067775694	0.1557632334114515
19.09271111968153	0.13890437526446864	0.15563838773893876
19.173462415341483	0.13847581723150604	0.15551374203607135
19.254555242998116	0.13804496548646836	0.15538929582278632
19.33599104713728	0.1376118191468512	0.155265048620556
19.41777127835421	0.13717637754357828	0.15514099995238212
19.499897393379293	0.13673864022455576	0.1550171493427895
19.582370855104074	0.13629860695824636	0.1548934963178201
19.665193132607307	0.1358562777372643	0.15477004040502682
19.748365701181093	0.13541165278198974	0.15464678113346775
19.831890042357188	0.13496473254420205	0.1545237180336999
19.915767643933375	0.13451551771073142	0.15440085063777348
19.999999999999996	0.13406400920712788	0.15427817847922576
