sector	state	n	multiplicity	L	J	JPC	computed_GeV	gi_GeV	mixed
charmonium	1^1S_0	1	1	S	0	0-+	2.966693829785994	2.97	false
charmonium	2^1S_0	2	1	S	0	0-+	3.6254348821038787	3.62	false
charmonium	3^1S_0	3	1	S	0	0-+	4.063098858345773	4.06	false
charmonium	1^3S_1	1	3	S	1	1--	3.0912327985530474	3.1	false
charmonium	2^3S_1	2	3	S	1	1--	3.6788150490454266	3.68	false
charmonium	1^3D_1	1	3	D	1	1--	3.818240229804941	3.82	false
charmonium	3^3S_1	3	3	S	1	1--	4.0996672773900915	4.1	false
charmonium	2^3D_1	2	3	D	1	1--	4.194062541455702	4.19	false
charmonium	4^3S_1	4	3	S	1	1--	4.44832908698005	4.45	false
charmonium	3^3D_1	3	3	D	1	1--	4.519379384555425	4.52	false
charmonium	1^1P_1	1	1	P	1	1+-	3.515052809677524	3.52	false
charmonium	2^1P_1	2	1	P	1	1+-	3.9560632977376646	3.96	false
charmonium	1^3P_0	1	3	P	0	0++	3.4427647276794415	3.44	false
charmonium	2^3P_0	2	3	P	0	0++	3.9162937060510954	3.92	false
charmonium	1^3P_1	1	3	P	1	1++	3.5081502109538603	3.51	false
charmonium	2^3P_1	2	3	P	1	1++	3.9530882442703628	3.95	false
charmonium	1^3P_2	1	3	P	2	2++	3.5481367747545844	3.55	false
charmonium	2^3P_2	2	3	P	2	2++	3.9794080672355903	3.98	false
charmonium	1^3F_2	1	3	F	2	2++	4.091361619999652	4.09	false
charmonium	1^1D_2	1	1	D	2	2-+	3.83655289221125	3.84	false
charmonium	2^1D_2	2	1	D	2	2-+	4.207459982645177	4.21	false
charmonium	1^3D_2	1	3	D	2	2--	3.8373343353884724	3.84	false
charmonium	2^3D_2	2	3	D	2	2--	4.208140856059442	4.21	false
charmonium	1^3D_3	1	3	D	3	3--	3.847695165212325	3.85	false
charmonium	2^3D_3	2	3	D	3	3--	4.216504292802215	4.22	false
charmonium	1^1F_3	1	1	F	3	3+-	4.093773314481248	4.09	false
charmonium	1^3F_3	1	3	F	3	3++	4.0960867956720985	4.1	false
charmonium	1^3F_4	1	3	F	4	4++	4.09473716197586	4.09	false
