multipole,parent,daughter,computed,paper,parenthetical,approximate,q_GeV,supplementary_mu
M1,rho,pi,0.6884689820505162,0.69,false,false,0.37572938144329904,0.0
M1,rho,eta,1.4451181186874076,1.53,false,false,0.19450515463917523,0.0
M1,etaprime,rho,2.0059629675493373,1.85,false,false,0.16471189979123166,0.0
M1,omega,pi,2.0648359709775765,2.07,false,false,0.3793390804597701,0.0
M1,omega,eta,0.4642060775438216,0.5,false,false,0.1997349936143039,0.0
M1,etaprime,omega,0.6828587432629228,0.63,false,false,0.15901617954070976,0.0
M1,phi,pi,0.05852435741228899,0.06,true,false,0.5006647058823529,0.01
M1,phi,eta,0.7502797327230537,0.71,false,false,0.362792156862745,0.0
M1,phi,etaprime,-0.5966818129739829,-0.66,false,false,0.06011568627450984,0.0
M1,eta_r,omega,0.090085633805625,-0.18,false,false,0.5071218749999999,0.0
M1,eta_r,rho,0.30595163650018153,0.57,false,false,0.5109111111111111,0.0
M1,eta_r,phi,0.5075545092734154,0.37,false,false,0.35874999999999996,0.0
M1,etaprime_r,omega,-0.07001803202976492,0.01,false,false,0.6269358895705521,0.0
M1,etaprime_r,rho,-0.21213105174176672,0.008,false,false,0.6302834355828221,0.0
M1,etaprime_r,phi,-0.030077497931608632,-0.29,false,false,0.49585889570552144,0.0
M1,Kstarplus,Kplus,0.9121593002546882,0.91,false,false,,0.0
M1,Kstar0,K0,-1.2006058084247124,-1.2,false,false,,0.0
M1,Dstarplus,Dplus,-0.35247012959215385,-0.35,false,false,,0.0
M1,Dstar0,D0,1.7789404352496938,1.78,false,false,,0.0
M1,Fstar,F,-0.1343066011824524,-0.13,false,false,,0.0
M1,Bstarminus,Bminus,1.365140920866601,1.37,false,false,,0.0
M1,Bstar0,B0,-0.7758639004055877,-0.78,false,false,,0.0
M1,Fbstar,Fb,-0.5520559656457892,-0.55,false,false,,0.0
M1,psi,eta_c,0.6877641810796852,0.69,false,false,0.1147899580238942,0.0
M1,psiprime,etaprime_c,0.6842684111544587,0.68,false,false,,0.0
M1,psiprime,eta_c,-0.05830874839393052,-0.056,false,false,0.6383879544221379,0.0
M1,Upsilon,eta_b,-0.12109328823893821,-0.13,false,false,0.05980972515856268,0.0
M1,Upsilonprime,etaprime_b,-0.1211153298482876,-0.12,false,false,0.04290776214706108,0.0
M1,Upsilonprime,eta_b,0.007712464631762187,0.007,false,false,0.603638082410455,0.0
M1,Upsilondoubleprime,etadoubleprime_b,-0.12074162499341115,-0.12,false,false,0.014989135683245256,0.0
M1,Upsilondoubleprime,etaprime_b,0.0073729233900661825,0.007,false,false,0.36820980202800574,0.0
M1,Upsilondoubleprime,eta_b,-0.0037518814997247536,-0.004,false,false,0.9109620956059871,0.0
M1,psi,eta,0.0014398196314769295,0.001,true,false,1.5000169518889248,0.0
M1,psi,etaprime,0.002955167070154776,0.003,true,false,1.40033015821763,0.0
M1,psi,pi0,0.0007448426067962215,0.0007,true,false,1.5455576364223444,0.0
M1,psi,eta_r,-0.0013858118589531838,-0.002,true,false,1.2137244107200518,0.0
M1,psi,etaprime_r,-0.005506902756619055,-0.002,true,false,1.1195526315789475,0.0
M1,Upsilon,eta,9.58505802536442e-5,8.0e-5,true,false,4.714127695560254,0.0
M1,Upsilon,etaprime,-3.277286978670633e-5,3.0e-6,true,false,4.681492389006343,0.0
M1,Upsilon,pi0,4.156328669075652e-8,0.0,true,true,4.729036733615223,0.0
M1,Upsilon,eta_r,8.684558094359373e-5,-9.0e-5,true,false,4.620401691331924,0.0
M1,Upsilon,etaprime_r,8.30381074123276e-5,0.0003,true,false,4.5895718816067665,0.0
M2,A2,pi,0.5624208048064739,0.55,false,false,0.6517754172989377,0.0
M2,Kstar2_1420,K,0.46774560085591105,0.48,false,false,0.6268733333333334,0.0
E1,A2,rho,0.15091005550242242,0.15,false,false,0.430556904400607,0.0
E1,fprime,phi,-0.3086464480849511,-0.31,false,false,0.4213852459016392,0.0
E1,A2,omega,0.4460927483559616,0.44,false,false,0.42641691957511385,0.0
E1,A1,pi,0.6744506734894342,0.56,false,false,0.6300317647058823,0.0
E1,B,pi,0.6315871239997853,0.63,false,false,0.6077648253452478,0.0
E1,chi_2c,psi,0.5219351532819625,0.5,false,false,0.4293766872890889,0.0
E1,chi_1c,psi,0.45278761602049833,0.44,false,false,0.38870242165242136,0.0
E1,chi_0c,psi,0.31094240739032125,0.3,false,false,0.3031941434846265,0.0
E1,psiprime,chi_2c,0.1444248114904035,0.14,false,false,0.1277075420510037,0.0
E1,psiprime,chi_1c,0.15606327713663323,0.15,false,false,0.1717981551817691,0.0
E1,psiprime,chi_0c,0.14573656050850728,0.14,false,false,0.26103784590341844,0.0
E1,chi_2b,Upsilon,-0.17752487979549403,-0.18,false,false,0.4426495006557041,0.0
E1,chi_1b,Upsilon,-0.16731295262207868,-0.17,false,false,0.4225669227658697,0.0
E1,chi_0b,Upsilon,-0.150731165745474,-0.16,false,false,0.3918864097363066,0.0
E1,Upsilonprime,chi_2b,-0.041824489716826396,-0.04,false,false,0.10939638830689341,0.0
E1,Upsilonprime,chi_1b,-0.039683038717674694,-0.038,false,false,0.13014391898633187,0.0
E1,Upsilonprime,chi_0b,-0.029270477461570504,-0.025,false,false,0.16167459842362608,0.0
E1,chiprime_2b,Upsilonprime,-0.11225024596635125,-0.12,false,false,0.234262719298246,0.0
E1,chiprime_2b,Upsilon,0.08402943246182298,0.09,false,false,0.7688109161793364,0.0
E1,chiprime_1b,Upsilonprime,-0.11033412244429755,-0.11,false,false,0.22448639024390274,0.0
E1,chiprime_1b,Upsilon,0.06709103392776704,0.069,false,false,0.7595560975609746,0.0
E1,chiprime_0b,Upsilonprime,-0.10119796922553229,-0.1,false,false,0.20490571847507372,0.0
E1,chiprime_0b,Upsilon,0.044129639330797485,0.047,false,false,0.7410215053763433,0.0
E1,Upsilondoubleprime,chiprime_2b,-0.053826203741562204,-0.044,false,false,0.0945642201834865,0.0
E1,Upsilondoubleprime,chi_2b,-0.01969671274145184,-0.02,false,false,0.43256668276195065,0.0
E1,Upsilondoubleprime,chiprime_1b,-0.046009486520698084,-0.043,false,false,0.10446764847899599,0.0
E1,Upsilondoubleprime,chi_1b,-0.00704647034780013,-0.008,false,false,0.45264901014003,0.0
E1,Upsilondoubleprime,chiprime_0b,-0.03211735037181908,-0.03,false,false,0.12424553355866752,0.0
E1,Upsilondoubleprime,chi_0b,0.0021290491478764373,-0.002,false,false,0.4831687590535983,0.0
E1,psi,A2,0.002708459325716628,0.002,true,false,1.2680473038424283,0.0
E1,psi,f,0.010206728998413768,0.024,true,false,1.288102841459477,0.0
E1,psi,fprime,0.003114308232576472,0.01,true,false,1.173035841136584,0.0
E1,Upsilon,A2,0.0025874859302667027,0.002,true,false,4.638185835095138,0.0
E1,Upsilon,f,-0.0010981826083240895,-0.006,true,false,4.64475158562368,0.0
E1,Upsilon,fprime,-0.001988391611244159,-0.002,true,false,4.607081131078225,0.0
