sector,nL,theta,theta_GI,singlet,singlet_GI,outside,distance,gap,V,V_vector,V_thomas,contact_S_singlet,contact_S_triplet,low,high,low_GI,high_GI,gap_GI,V_GI
us,1P,4.305459326399376,34.0,0.9943639333376583,0.6873032967079561,0.00024557578993046787,29.694540673600628,-13.898942945836268,-1.050095393160302,7.875741053399856,-8.925836446560158,46.16226903969426,45.45959289122249,1351.5292553923887,1365.5806328200817,1340,1380,-14.98426373663648,-18.54367709133575
us,1D,12.837532642045161,33.0,0.9506328306689753,0.7033683215379002,0.00027262288740397683,20.16246735795484,-13.295765040806096,-3.194347199071173,4.1079855288364735,-7.302332727907646,7.6319717033337096,7.955912052639092,1789.6320033154402,1804.3818436438787,1780,1810,-12.202099292274006,-13.703181864639014
us,2P,14.183476054409095,15.0,0.9399613819794881,0.9330127018922194,0.0002774427262526996,0.8165239455909017,-30.720925430537616,-8.294160551609306,2.3050692795075083,-10.599229831116812,34.768148849988094,31.21263895560452,1895.1481447930057,1930.0545334349965,1900,1930,-25.980762113533157,-7.5
us,1F,12.595242710136231,32.0,0.9524488726077269,0.7191855733945387,2.0816681711721685e-17,19.404757289863767,-12.18483547263638,-2.865638534051938,2.4396789423419714,-5.305317476393909,1.875676278918674,1.955356545074365,2129.944373946108,2143.4098019870794,2120,2150,-13.151134403672323,-13.481910694487505
us,2D,20.14350458296001,25.0,0.8814074792831263,0.8213938048432696,0.0002931767078957065,4.856495417039994,-16.12297716933897,-6.83348741846422,1.9326073293719048,-8.766094747836124,8.263970605579031,8.18126628837269,2235.8622903174964,2256.995359758172,2230,2260,-19.28362829059618,-11.49066664678467
us,1G,10.816627118568016,33.0,0.9647813356533946,0.7033683215379002,4.163336342344337e-17,22.18337288143198,-10.535319601185478,-2.0891514611381936,1.6048744767127,-3.6940259378508933,0.5111865691704391,0.531007574639036,2421.9451607461297,2433.2787909857934,2410,2440,-12.202099292274006,-13.703181864639014
cu,1P,-25.767415024735442,-41.0,0.8110193874478872,0.5695865504800327,0.0,15.232584975264558,-5.94584165043166,3.74214081526697,-25.35221990083134,29.094360716098308,25.065388823668446,25.304551466567137,2455.618168742673,2465.1768038155874,2440,2490,-6.958655048003272,24.756701718539258
cu,1D,-38.13917496149067,-39.0,0.6186026218403284,0.6039558454088797,1.6653345369377348e-16,0.8608250385093328,-6.959741900661953,14.25159849768899,-14.637752327226595,28.889350824915585,5.034683486321765,5.189696602204514,2815.948607685877,2845.2891981073585,,,,
cs,1P,-39.565124445768745,-44.0,0.5942884993378831,0.5174497483512503,1.1102230246251565e-16,4.434875554231255,-1.3262611863202878,3.4534061884469827,-18.00484672175707,21.458252910204052,19.639233805119733,20.073002943273224,2547.3884149317664,2554.4214104488956,2530,2570,-1.3959798681000388,19.987816540381914
cs,1D,-38.45007543748538,-39.0,0.6133243713496226,0.6039558454088797,0.0,0.5499245625146187,-5.776086920723955,12.410775427297903,-10.741356563709113,23.152131991007014,3.9616744391741796,4.079330037258461,2900.249221025247,2925.7339726807577,,,,
bu,1P,-27.931112353671626,-43.0,0.7805924077648725,0.5348782368720626,0.0,15.068887646328378,-2.323131084313701,1.71319102932075,-31.685646463792974,33.398837493113724,10.189743721263515,10.641283019247124,5777.824183500703,5781.963873349797,,,,
bs,1P,-41.14040500482854,-45.0,0.5671590432141883,0.5000000000000001,1.1102230246251565e-16,3.859594995171463,-0.4452544241093648,1.6424431725074498,-24.954348952770673,26.59679212527812,8.27214289288982,8.620868531186236,5856.723539104422,5860.03846441306,,,,
bc,1P,69.14902898966544,-53.0,0.12669218294836843,0.3621813220915004,1.1102230246251565e-16,57.85097101033455,5.877056186680107,-2.618311699804708,-9.425740733878978,6.8074290340742705,5.362007408123355,5.6057649550594375,6740.082420176834,6747.954015571081,,,,
