catalog,state,n,L,multiplicity,J,reference,predicted,residual
b_flavored,1^1S_0,1,S,1,0,5310.0,5309.784865571854,-0.21513442814491412
b_flavored,2^1S_0,2,S,1,0,5900.0,5904.442530430021,4.442530430020852
b_flavored,1^3S_1,1,S,3,1,5370.0,5369.305232388923,-0.6947676110771184
b_flavored,2^3S_1,2,S,3,1,5930.0,5933.475297803526,3.4752978035257343
b_flavored,1^3P_2,1,P,3,2,5800.0,5796.854369368157,-3.1456306318426996
b_flavored,1^3D_3,1,D,3,3,6110.0,6105.349612993581,-4.650387006419621
b_flavored,1^3F_4,1,F,3,4,6360.0,6364.108759826434,4.108759826433328
b_flavored,1^1S_0,1,S,1,0,5390.0,5390.705485803154,0.7054858031549927
b_flavored,2^1S_0,2,S,1,0,5980.0,5984.630345695931,4.630345695931126
b_flavored,1^3S_1,1,S,3,1,5450.0,5447.365942031972,-2.6340579680281806
b_flavored,2^3S_1,2,S,3,1,6010.0,6013.294891192512,3.2948911925121394
b_flavored,1^3P_2,1,P,3,2,5880.0,5875.575989703839,-4.4240102961614625
b_flavored,1^3D_3,1,D,3,3,6180.0,6178.433630002061,-1.566369997938466
b_flavored,1^3F_4,1,F,3,4,6430.0,6431.262084298433,1.2620842984336633
b_flavored,1^1S_0,1,S,1,0,6270.0,6264.78739205408,-5.212607945919601
b_flavored,2^1S_0,2,S,1,0,6850.0,6855.246381041587,5.246381041587256
b_flavored,1^3S_1,1,S,3,1,6340.0,6332.916307409464,-7.083692590535762
b_flavored,2^3S_1,2,S,3,1,6890.0,6888.616486702685,-1.383513297315453
b_flavored,1^3P_2,1,P,3,2,6770.0,6766.286359536314,-3.713640463685053
b_flavored,1^3D_3,1,D,3,3,7040.0,7044.737187188367,4.737187188366576
b_flavored,1^3F_4,1,F,3,4,7270.0,7270.634308808138,0.6343088081379733
bottomonium,1^1S_0,1,S,1,0,9400.0,9392.269042586186,-7.730957413814465
bottomonium,2^1S_0,2,S,1,0,9980.0,9973.713009569148,-6.286990430851347
bottomonium,3^1S_0,3,S,1,0,10340.0,10331.371221722748,-8.62877827725228
bottomonium,1^3S_1,1,S,3,1,9460.0,9458.30630685404,-1.6936931459614613
bottomonium,2^3S_1,2,S,3,1,10000.0,10003.530054078794,3.5300540787943646
bottomonium,1^3D_1,1,D,3,1,10140.0,10137.138717495674,-2.861282504326823
bottomonium,3^3S_1,3,S,3,1,10350.0,10352.802566421191,2.802566421191699
bottomonium,2^3D_1,2,D,3,1,10440.0,10440.676993730163,0.6769937301633888
bottomonium,4^3S_1,4,S,3,1,10630.0,10631.917581223708,1.917581223707998
bottomonium,3^3D_1,3,D,3,1,10700.0,10698.029109643016,-1.970890356982835
bottomonium,5^3S_1,5,S,3,1,10880.0,10873.521080875931,-6.478919124068838
bottomonium,6^3S_1,6,S,3,1,11100.0,11091.151910092945,-8.848089907054657
bottomonium,1^1P_1,1,P,1,1,9880.0,9880.391531223002,0.3915312230002854
bottomonium,2^1P_1,2,P,1,1,10250.0,10249.342023823127,-0.6579761768730208
bottomonium,1^3P_0,1,P,3,0,9850.0,9844.638370697097,-5.36162930290196
bottomonium,2^3P_0,2,P,3,0,10230.0,10224.812545791237,-5.187454208762432
bottomonium,1^3P_1,1,P,3,1,9880.0,9874.642371284572,-5.35762871542822
bottomonium,2^3P_1,2,P,3,1,10250.0,10245.343313861014,-4.656686138986288
bottomonium,1^3P_2,1,P,3,2,9900.0,9895.550476949766,-4.449523050235271
bottomonium,2^3P_2,2,P,3,2,10260.0,10260.39799655062,0.39799655062111583
bottomonium,1^3F_2,1,F,3,2,10350.0,10349.696409151818,-0.30359084818165627
bottomonium,1^1D_2,1,D,1,2,10150.0,10147.681075179635,-2.318924820364998
bottomonium,2^1D_2,2,D,1,2,10450.0,10449.401502393019,-0.5984976069797199
bottomonium,1^3D_2,1,D,3,2,10150.0,10146.729451800291,-3.270548199710177
bottomonium,2^3D_2,2,D,3,2,10450.0,10448.561018562852,-1.4389814371469356
bottomonium,1^3D_3,1,D,3,3,10160.0,10154.53487733284,-5.46512266715915
bottomonium,2^3D_3,2,D,3,3,10450.0,10455.069360192047,5.069360192047512
bottomonium,1^1F_3,1,F,1,3,10350.0,10354.297857929703,4.297857929703497
bottomonium,1^3F_3,1,F,3,3,10350.0,10354.27966108284,4.279661082842168
bottomonium,1^3F_4,1,F,3,4,10360.0,10357.719989611986,-2.2800103880147304
charmed,1^1S_0,1,S,1,0,1880.0,1873.434057836381,-6.565942163618832
charmed,2^1S_0,2,S,1,0,2580.0,2582.437835630505,2.4378356305048143
charmed,1^3S_1,1,S,3,1,2040.0,2038.0174119877904,-1.9825880122095185
charmed,2^3S_1,2,S,3,1,2640.0,2644.8615366339823,4.861536633982144
charmed,1^3D_1,1,D,3,1,2820.0,2816.4692912196097,-3.5307087803899684
charmed,1^3P_0,1,P,3,0,2400.0,2394.818432105735,-5.181567894264827
charmed,1^1P_1,1,P,1,1,2440.0,2455.618168742673,15.618168742673078
charmed,1^3P_1,1,P,3,1,2490.0,2465.1768038155874,-24.823196184412755
charmed,1^3P_2,1,P,3,2,2500.0,2502.0054751267553,2.0054751267553073
charmed,1^3D_3,1,D,3,3,2830.0,2832.911024317157,2.9110243171572847
charmed,1^3F_4,1,F,3,4,3110.0,3113.0194011882704,3.0194011882707095
charmed,1^1S_0,1,S,1,0,1980.0,1973.9885648390084,-6.011435160991674
charmed,2^1S_0,2,S,1,0,2670.0,2674.630212791483,4.630212791482791
charmed,1^3S_1,1,S,3,1,2130.0,2124.67596119163,-5.324038808369735
charmed,2^3S_1,2,S,3,1,2730.0,2734.368162954423,4.368162954423216
charmed,1^3D_1,1,D,3,1,2900.0,2898.517317519906,-1.4826824800939775
charmed,1^3P_0,1,P,3,0,2480.0,2480.635078557026,0.6350785570261586
charmed,1^1P_1,1,P,1,1,2530.0,2547.3884149317664,17.388414931766683
charmed,1^3P_1,1,P,3,1,2570.0,2554.4214104488956,-15.578589551104471
charmed,1^3P_2,1,P,3,2,2590.0,2591.0506696133975,1.0506696133978366
charmed,1^3D_3,1,D,3,3,2920.0,2916.0675303816083,-3.932469618391554
charmed,1^3F_4,1,F,3,4,3190.0,3189.8217472499587,-0.17825275004135221
charmonium,1^1S_0,1,S,1,0,2970.0,2966.693829785994,-3.3061702140062543
charmonium,2^1S_0,2,S,1,0,3620.0,3625.434882103879,5.434882103878547
charmonium,3^1S_0,3,S,1,0,4059.9999999999995,4063.0988583457734,3.098858345773614
charmonium,1^3S_1,1,S,3,1,3100.0,3091.2327985530474,-8.767201446952644
charmonium,2^3S_1,2,S,3,1,3680.0,3678.8150490454263,-1.1849509545736048
charmonium,1^3D_1,1,D,3,1,3820.0,3818.240229804941,-1.7597701950586853
charmonium,3^3S_1,3,S,3,1,4100.0,4099.667277390092,-0.3327226099081315
charmonium,2^3D_1,2,D,3,1,4190.0,4194.062541455703,4.06254145570184
charmonium,4^3S_1,4,S,3,1,4450.0,4448.32908698005,-1.6709130199501487
charmonium,3^3D_1,3,D,3,1,4520.0,4519.379384555425,-0.6206154445749235
charmonium,1^1P_1,1,P,1,1,3520.0,3515.052809677524,-4.947190322476036
charmonium,2^1P_1,2,P,1,1,3960.0,3956.0632977376645,-3.9367022623353343
charmonium,1^3P_0,1,P,3,0,3440.0,3442.7647276794414,2.764727679441581
charmonium,2^3P_0,2,P,3,0,3920.0,3916.2937060510953,-3.7062939489045377
charmonium,1^3P_1,1,P,3,1,3510.0,3508.15021095386,-1.8497890461395272
charmonium,2^3P_1,2,P,3,1,3950.0,3953.088244270363,3.0882442703625834
charmonium,1^3P_2,1,P,3,2,3550.0,3548.1367747545846,-1.8632252454153786
charmonium,2^3P_2,2,P,3,2,3980.0,3979.4080672355904,-0.5919327644097194
charmonium,1^3F_2,1,F,3,2,4090.0,4091.361619999652,1.3616199996517864
charmonium,1^1D_2,1,D,1,2,3840.0,3836.55289221125,-3.4471077887499035
charmonium,2^1D_2,2,D,1,2,4210.0,4207.459982645177,-2.540017354823121
charmonium,1^3D_2,1,D,3,2,3840.0,3837.3343353884725,-2.6656646115275073
charmonium,2^3D_2,2,D,3,2,4210.0,4208.140856059442,-1.8591439405577503
charmonium,1^3D_3,1,D,3,3,3850.0,3847.695165212325,-2.3048347876750697
charmonium,2^3D_3,2,D,3,3,4220.0,4216.504292802215,-3.495707197784803
charmonium,1^1F_3,1,F,1,3,4090.0,4093.773314481248,3.773314481247958
charmonium,1^3F_3,1,F,3,3,4100.0,4096.086795672099,-3.9132043279010986
charmonium,1^3F_4,1,F,3,4,4090.0,4094.7371619758596,4.737161975859827
isoscalar,1^1S_0,1,S,1,0,520.0,519.9999999999999,-1.1102230246251565e-13
isoscalar,1^1S_0,1,S,1,0,960.0,960.0000000000013,1.3322676295501878e-12
isoscalar,2^1S_0,2,S,1,0,1440.0,1439.999999999999,-8.881784197001252e-13
isoscalar,2^1S_0,2,S,1,0,1630.0,1629.9999999999998,-2.220446049250313e-13
isoscalar,1^3S_1,1,S,3,1,780.0,779.8750164998526,-0.12498350014744641
isoscalar,1^3S_1,1,S,3,1,1020.0,1020.3203761050121,0.3203761050121212
isoscalar,2^3S_1,2,S,3,1,1460.0,1456.4733556852514,-3.5266443147485838
isoscalar,1^3D_1,1,D,3,1,1660.0,1664.3230378548005,4.323037854800704
isoscalar,2^3S_1,2,S,3,1,1690.0,1689.4542737834781,-0.5457262165218246
isoscalar,1^3D_1,1,D,3,1,1880.0,1878.580927869779,-1.4190721302207443
isoscalar,1^1P_1,1,P,1,1,1220.0,1218.4164349227196,-1.5835650772804133
isoscalar,1^1P_1,1,P,1,1,1470.0,1473.10025370113,3.1002537011299847
isoscalar,2^1P_1,2,P,1,1,1780.0,1776.8196715953377,-3.1803284046623137
isoscalar,2^1P_1,2,P,1,1,2009.9999999999998,2007.9100948369692,-2.0899051630305365
isoscalar,1^3P_0,1,P,3,0,1090.0,1086.7635389209768,-3.2364610790234227
isoscalar,1^3P_0,1,P,3,0,1360.0,1354.4404368434639,-5.5595631565361625
isoscalar,2^3P_0,2,P,3,0,1780.0,1778.0432956509317,-1.9567043490684721
isoscalar,2^3P_0,2,P,3,0,1990.0,1985.4260053299508,-4.573994670049153
isoscalar,1^3P_1,1,P,3,1,1240.0,1237.4910541849679,-2.5089458150320265
isoscalar,1^3P_1,1,P,3,1,1480.0,1479.9358653212348,-0.06413467876509316
isoscalar,2^3P_1,2,P,3,1,1820.0,1817.8536031453905,-2.1463968546096
isoscalar,2^3P_1,2,P,3,1,2029.9999999999998,2027.2215693945955,-2.7784306054043917
isoscalar,1^3P_2,1,P,3,2,1280.0,1275.6280493730585,-4.371950626941512
isoscalar,1^3P_2,1,P,3,2,1530.0,1531.6032782370226,1.603278237022554
isoscalar,2^3P_2,2,P,3,2,1820.0,1815.3326262763449,-4.6673737236551105
isoscalar,2^3P_2,2,P,3,2,2040.0,2042.3986863368802,2.398686336880118
isoscalar,1^3F_2,1,F,3,2,2050.0,2054.408817164605,4.408817164605061
isoscalar,1^3F_2,1,F,3,2,2240.0,2242.5865486620746,2.586548662074417
isoscalar,1^1D_2,1,D,1,2,1680.0,1680.44299734287,0.4429973428701217
isoscalar,1^1D_2,1,D,1,2,1890.0,1893.0211543446019,3.0211543446019284
isoscalar,1^3D_2,1,D,3,2,1700.0,1695.650928830939,-4.349071169061025
isoscalar,1^3D_2,1,D,3,2,1910.0,1904.4498320073105,-5.550167992689481
isoscalar,1^3D_3,1,D,3,3,1680.0,1683.1277551077353,3.1277551077353305
isoscalar,1^3D_3,1,D,3,3,1900.0,1897.0290929340904,-2.9709070659094117
isoscalar,1^3G_3,1,G,3,3,2370.0,2370.2559507192495,0.2559507192492205
isoscalar,1^3G_3,1,G,3,3,2540.0,2541.792944476149,1.792944476148861
isoscalar,1^1F_3,1,F,1,3,2029.9999999999998,2032.7840176162515,2.7840176162516883
isoscalar,1^1F_3,1,F,1,3,2220.0,2222.7620495637498,2.7620495637497022
isoscalar,1^3F_3,1,F,3,3,2050.0,2045.9997735554016,-4.000226444598187
isoscalar,1^3F_3,1,F,3,3,2230.0,2234.0757426192827,4.075742619282785
isoscalar,1^3F_4,1,F,3,4,2009.9999999999998,2007.5808176847656,-2.419182315234192
isoscalar,1^3F_4,1,F,3,4,2200.0,2202.3426793461686,2.342679346168275
isoscalar,1^1G_4,1,G,1,4,2330.0,2333.1992659524185,3.199265952418262
isoscalar,1^1G_4,1,G,1,4,2510.0,2506.999517175915,-3.000482824084827
isoscalar,1^3G_4,1,G,3,4,2340.0,2344.319820887209,4.319820887209058
isoscalar,1^3G_4,1,G,3,4,2520.0,2517.0666528872252,-2.933347112774598
isoscalar,1^3G_5,1,G,3,5,2300.0,2296.3807515864137,-3.6192484135861847
isoscalar,1^3G_5,1,G,3,5,2470.0,2474.7400829200215,4.740082920021038
isovector,1^1S_0,1,S,1,0,150.0,148.5487207609566,-1.451279239043396
isovector,2^1S_0,2,S,1,0,1300.0,1291.61772548008,-8.382274519920019
isovector,1^3S_1,1,S,3,1,770.0,771.1896047422755,1.189604742275474
isovector,2^3S_1,2,S,3,1,1450.0,1455.0825166703494,5.082516670349424
isovector,1^3D_1,1,D,3,1,1660.0,1665.9100079835393,5.910007983539467
isovector,3^1S_0,3,S,1,0,1880.0,1872.0351873302548,-7.964812669745136
isovector,3^3S_1,3,S,3,1,2000.0,1997.8324069399,-2.1675930600999482
isovector,2^3D_1,2,D,3,1,2150.0,2153.378462466078,3.3784624660779805
isovector,1^1P_1,1,P,1,1,1220.0,1218.4164349227196,-1.5835650772804133
isovector,2^1P_1,2,P,1,1,1780.0,1776.8196715953377,-3.1803284046623137
isovector,1^3P_0,1,P,3,0,1090.0,1086.7635389209768,-3.2364610790234227
isovector,2^3P_0,2,P,3,0,1780.0,1778.0432956509317,-1.9567043490684721
isovector,1^3P_1,1,P,3,1,1240.0,1237.4910541849679,-2.5089458150320265
isovector,2^3P_1,2,P,3,1,1820.0,1817.8536031453905,-2.1463968546096
isovector,1^3P_2,1,P,3,2,1310.0,1306.5330702767471,-3.4669297232530205
isovector,2^3P_2,2,P,3,2,1820.0,1823.1387983573798,3.138798357379624
isovector,1^3F_2,1,F,3,2,2050.0,2054.619538377639,4.619538377639287
isovector,1^1D_2,1,D,1,2,1680.0,1680.44299734287,0.4429973428701217
isovector,2^1D_2,2,D,1,2,2130.0,2134.8048169341114,4.8048169341115
isovector,1^3D_2,1,D,3,2,1700.0,1695.650928830939,-4.349071169061025
isovector,2^3D_2,2,D,3,2,2150.0,2154.665138012546,4.665138012545977
isovector,1^3D_3,1,D,3,3,1680.0,1683.1277551077353,3.1277551077353305
isovector,2^3D_3,2,D,3,3,2130.0,2131.0033157613807,1.0033157613809074
isovector,1^3G_3,1,G,3,3,2370.0,2370.306346366658,0.3063463666581612
isovector,1^1F_3,1,F,1,3,2029.9999999999998,2032.7840176162515,2.7840176162516883
isovector,1^3F_3,1,F,3,3,2050.0,2045.9997735554016,-4.000226444598187
isovector,1^3F_4,1,F,3,4,2009.9999999999998,2007.5808176847656,-2.419182315234192
isovector,1^1G_4,1,G,1,4,2330.0,2333.1992659524185,3.199265952418262
isovector,1^3G_4,1,G,3,4,2340.0,2344.319820887209,4.319820887209058
isovector,1^3G_5,1,G,3,5,2300.0,2296.3807515864137,-3.6192484135861847
strange,1^1S_0,1,S,1,0,470.0,460.92989091921766,-9.070109080782318
strange,2^1S_0,2,S,1,0,1450.0,1453.170877660284,3.1708776602841215
strange,3^1S_0,3,S,1,0,2020.0,2013.26735546931,-6.732644530690113
strange,1^3S_1,1,S,3,1,900.0,902.7232566168351,2.7232566168350347
strange,2^3S_1,2,S,3,1,1580.0,1578.6259184411344,-1.3740815588656474
strange,1^3D_1,1,D,3,1,1780.0,1776.9808332031455,-3.0191667968544333
strange,3^3S_1,3,S,3,1,2110.0,2105.773149746879,-4.226850253120862
strange,2^3D_1,2,D,3,1,2250.0,2250.812891809126,0.8128918091259152
strange,1^3P_0,1,P,3,0,1240.0,1233.4930832560785,-6.506916743921343
strange,2^3P_0,2,P,3,0,1890.0,1889.9945550004559,-0.005444999543913198
strange,1^1P_1,1,P,1,1,1340.0,1351.5292553923887,11.529255392388693
strange,1^3P_1,1,P,3,1,1380.0,1365.5806328200817,-14.419367179918208
strange,2^1P_1,2,P,1,1,1900.0,1895.1481447930057,-4.851855206994271
strange,2^3P_1,2,P,3,1,1930.0,1930.0545334349965,0.05453343499661756
strange,1^3P_2,1,P,3,2,1430.0,1428.025346263265,-1.9746537367348882
strange,2^3P_2,2,P,3,2,1940.0,1938.3402068478701,-1.6597931521298293
strange,1^3F_2,1,F,3,2,2150.0,2151.4269048251667,1.4269048251667193
strange,1^1D_2,1,D,1,2,1780.0,1789.6320033154402,9.63200331544023
strange,1^3D_2,1,D,3,2,1810.0,1804.3818436438787,-5.618156356121284
strange,2^1D_2,2,D,1,2,2230.0,2235.8622903174964,5.862290317496299
strange,2^3D_2,2,D,3,2,2260.0,2256.995359758172,-3.004640241827783
strange,1^3D_3,1,D,3,3,1790.0,1794.1064813727453,4.106481372745163
strange,2^3D_3,2,D,3,3,2240.0,2237.0160250877334,-2.9839749122668735
strange,1^3G_3,1,G,3,3,2460.0,2458.156574461497,-1.8434255385031406
strange,1^1F_3,1,F,1,3,2120.0,2129.944373946108,9.94437394610781
strange,1^3F_3,1,F,3,3,2150.0,2143.4098019870794,-6.5901980129203785
strange,1^3F_4,1,F,3,4,2110.0,2108.166401628445,-1.8335983715549453
strange,1^1G_4,1,G,1,4,2410.0,2421.9451607461297,11.945160746129613
strange,1^3G_4,1,G,3,4,2440.0,2433.2787909857934,-6.721209014206586
strange,1^3G_5,1,G,3,5,2390.0,2388.1548223110262,-1.8451776889740756
