set,parameter,GI,GI_lo68,GI_hi68,model,inside
uu 1P,S,42.22222222222217,38.532058651178886,45.890566808303674,40.68379317279323,true
uu 1P,T,31.944444444444443,30.37182035888776,33.529016077858984,32.27958533836152,true
uu 1P,L,54.16666666666667,52.58450206513413,55.74656148305296,53.88875924890655,true
uu 1P,V,0.0,0.0,0.0,0.0,true
uu 1P,gap,-20.0,-24.352841606930724,-15.648014405435788,-19.074619262248234,true
uu 2P,S,35.55555555555543,31.873627592737193,39.2105972035788,39.551281037792705,false
uu 2P,T,11.11111111111111,9.510140617075567,12.705525856986178,10.323239501679748,true
uu 2P,L,6.666666666666671,5.097216211477324,8.254197039955557,8.840588989419569,false
uu 2P,V,0.0,0.0,0.0,0.0,true
uu 2P,gap,-40.0,-44.2664374270762,-35.6613870394915,-41.033931550052785,true
ss 1P,S,24.44444444444457,20.801457044480685,28.10443263214279,25.949968575813273,true
ss 1P,T,26.38888888888889,24.789823574939568,27.953198962525537,26.595267880515664,true
ss 1P,L,40.83333333333333,39.28464012335121,42.41376378614885,45.70962483622394,false
ss 1P,V,0.0,0.0,0.0,0.0,true
ss 1P,gap,-10.0,-14.324287328022592,-5.681205412741747,-6.835611620104828,true
cc 1P,S,4.444444444444343,0.7793259918880722,8.131198332558142,8.047105246248066,true
cc 1P,T,13.88888888888889,12.291753800020299,15.521109037248632,12.60894482612678,true
cc 1P,L,28.33333333333333,26.76437392542092,29.914652853374037,27.558648796038334,true
cc 1P,V,0.0,0.0,0.0,0.0,true
cc 1P,gap,10.0,5.637844078710714,14.325793675697241,6.9025987236636865,true
cc 2P,S,3.333333333333485,-0.3600499318599759,7.057529479684945,7.55882855330492,false
cc 2P,T,4.166666666666667,2.561420173071648,5.764529397007942,6.5651640496651,false
cc 2P,L,17.5,15.930556609044515,19.07850158675122,17.099046070272152,true
cc 2P,V,0.0,0.0,0.0,0.0,true
cc 2P,gap,10.0,5.608722736028085,14.364683117335517,2.9750534673016773,false
bb 1P,S,7.777777777777374,4.060374971501005,11.425038162813507,2.5326764769579313,false
bb 1P,T,5.555555555555555,3.961913062898677,7.132450749797701,5.430541043021498,true
bb 1P,L,13.333333333333336,11.785715228499157,14.911649441352438,13.712377458409872,true
bb 1P,V,0.0,0.0,0.0,0.0,true
bb 1P,gap,0.0,-4.285859073244865,4.377494452355677,5.749159938430239,false
bb 2P,S,3.3333333333339397,-0.3382242503175803,6.947452210073607,2.0838076292948244,true
bb 2P,T,4.166666666666667,2.6106594263850034,5.756241354173047,3.612062619592709,true
bb 2P,L,7.5,5.932571235647021,9.035532341933504,9.694580210998842,false
bb 2P,V,0.0,0.0,0.0,0.0,true
bb 2P,gap,0.0,-4.32431787317546,4.394104349510599,3.998709962112116,true
us 1P,S,35.545064713313195,33.03694980429009,37.98912749514602,33.86900878515212,true
us 1P,T,26.732832722910366,25.411467883536304,28.060131791179654,28.04626364359131,true
us 1P,L,47.293633699587105,45.80128636908478,48.774460616434794,48.016329482907366,true
us 1P,V,-18.54367709133575,-20.55253764288596,-16.520718102411283,-1.0500953931602897,false
us 1P,gap,-14.984263736636422,-16.622420499565578,-13.31148198131973,-13.898942945836097,true
us 2P,S,28.431619186799935,25.04774247292403,31.810683958292884,32.36758445803389,false
us 2P,T,8.884880995875083,7.370238752684139,10.386004253019097,9.044199927677488,true
us 2P,L,11.335738069141616,9.780548817333134,12.89922854906996,10.690858955173994,true
us 2P,V,-7.499999999999999,-8.593821518763104,-6.402581348439344,-8.294160551609258,true
us 2P,gap,-25.980762113533274,-29.727258730473068,-22.192591247979863,-30.720925430537363,false
cu 1P,S,16.861325587557985,14.550844526198489,19.136129812497074,19.79288221859133,false
cu 1P,T,14.644164246111838,13.358628790073036,15.928771002530198,13.67623360761292,true
cu 1P,L,24.546834785666235,23.04444151887818,26.051422958198827,27.5232741757723,false
cu 1P,V,24.756701718539258,22.571896223158486,26.90962559671671,3.7421408152668834,false
cu 1P,gap,-6.958655048003493,-7.73331172414737,-6.1683430901666725,-5.945841650431703,false
cs 1P,S,15.375097689844551,13.117773399268572,17.611819491549795,15.379613066661477,true
cs 1P,T,14.17971802807617,12.892282698294808,15.444650813163005,14.219903211531017,true
cs 1P,L,28.15883584982096,26.656834788797298,29.64658758234502,28.27325509187184,true
cs 1P,V,19.987816540381914,17.800501478239347,22.171538991816192,3.453406188447107,false
cs 1P,gap,-1.3959798680998574,-1.8685903872874405,-0.9069150609634562,-1.3262611863206075,true
