sector,nL,basis,theta,outside
us,1P,N=1,4.296318997198749,-2.1423834928313568e-16
us,1P,N=2,4.3054593263999115,0.0002455757899304002
us,1P,N=4,4.310247336857994,0.0002621958971905118
us,1P,N=10,4.3109165039121455,0.00026326573833657194
us,1P,N=40,4.310912446732068,0.00026327040468591533
us,1P,coupled grid,4.310912444411992,0.0002632704057807557
us,1D,N=1,12.832281146694983,-1.5959455978986625e-16
us,1D,N=2,12.837532642048023,0.00027262288740330376
us,1D,N=4,12.840442158220585,0.00029726196295744994
us,1D,N=10,12.840964810684792,0.00029885697224557584
us,1D,N=40,12.840963920221856,0.000298858505174443
us,1D,coupled grid,12.840963920274051,0.000298858505218845
us,2P,N=2,14.183476054409006,0.00027744272625254
us,2P,N=3,14.18449164767536,0.0006438817198879052
us,2P,N=5,14.185729298556462,0.0006907927846828768
us,2P,N=10,14.185996204173382,0.0006941877310277025
us,2P,N=40,14.185994721197456,0.0006941990298401854
us,2P,coupled grid,14.185994718566349,0.0006941990305751253
us,1F,N=1,12.595242710136192,-1.3877787807814457e-16
us,1F,N=2,12.599003268681704,0.00020773288972116694
us,1F,N=4,12.60157927532841,0.00022809716932848528
us,1F,N=10,12.602035894117162,0.0002293394913715427
us,1F,N=40,12.602036093370904,0.00022934000921693426
us,1F,coupled grid,12.602036093387483,0.00022934000921837755
us,2D,N=2,20.14350458296077,0.00029317670789522077
us,2D,N=3,20.142939694711984,0.000734869926481363
us,2D,N=5,20.143569841960016,0.0007947289115301515
us,2D,N=10,20.14383227679345,0.0007992650241557125
us,2D,N=40,20.143831819413375,0.0007992783564396422
us,2D,coupled grid,20.14383181954078,0.0007992783563191275
us,1G,N=1,10.816627118568023,-6.938893903907228e-18
us,1G,N=2,10.81941842655512,0.0001469800526738771
us,1G,N=4,10.821580667536896,0.00016143863163386313
us,1G,N=10,10.821941954275308,0.00016223522100725085
us,1G,N=40,10.821942167902673,0.00016223543728813988
us,1G,coupled grid,10.821942167860039,0.0001622354372877513
cu,1P,N=1,-25.767415024735417,8.326672684688674e-17
cu,1P,N=2,-25.85619847471137,0.0017052758365243559
cu,1P,N=4,-25.85946920616752,0.0017480437377998814
cu,1P,N=10,-25.858297156141735,0.0017518366375582628
cu,1P,N=40,-25.858136791045517,0.0017518646899413737
cu,1P,coupled grid,-25.8581273531228,0.0017518632508913556
cu,1D,N=1,-38.13917496149066,2.7755575615628914e-16
cu,1D,N=2,-38.126378063574116,0.0018390050021886428
cu,1D,N=4,-38.12360506278769,0.0019132794471823367
cu,1D,N=10,-38.12335798328601,0.0019180399458714192
cu,1D,N=40,-38.12334653548073,0.0019180447208038132
cu,1D,coupled grid,-38.123346472277646,0.001918044510819783
cs,1P,N=1,-39.56512444576872,-1.6653345369377348e-16
cs,1P,N=2,-39.54845829884806,0.0006792489256574052
cs,1P,N=4,-39.55122848750831,0.0006858456702704685
cs,1P,N=10,-39.551044122405195,0.0006868677037611404
cs,1P,N=40,-39.55101201034817,0.0006868787828756551
cs,1P,coupled grid,-39.551007008985735,0.0006868778217893889
cs,1D,N=1,-38.45007543748538,-2.220446049250313e-16
cs,1D,N=2,-38.4390853812972,0.0007717901631522084
cs,1D,N=4,-38.43885692783772,0.0007793798367471405
cs,1D,N=10,-38.43890198083827,0.0007797623589867464
cs,1D,N=40,-38.43889991084877,0.0007797723190559047
cs,1D,coupled grid,-38.438899885200925,0.0007797721909793554
bu,1P,N=1,-27.931112353671637,2.7755575615628914e-17
bu,1P,N=2,-28.099797534360818,0.002623496103460382
bu,1P,N=4,-28.094187689727804,0.0026845651515609303
bu,1P,N=10,-28.086159166142824,0.0026918502442888903
bu,1P,N=40,-28.08507414992347,0.0026919274536937043
bu,1P,coupled grid,-28.084995848972913,0.002691914692543068
bs,1P,N=1,-41.14040500482851,-2.7755575615628914e-16
bs,1P,N=2,-41.07850605604739,0.0013116582963270673
bs,1P,N=4,-41.11104746673402,0.001335490947305451
bs,1P,N=10,-41.115501596516395,0.0013393780111767284
bs,1P,N=40,-41.115200952105326,0.0013394546191815015
bs,1P,coupled grid,-41.115200893511386,0.0013394410434053872
bc,1P,N=1,69.14902898966537,1.1102230246251565e-16
bc,1P,N=2,69.14844046730963,0.00012293833641763285
bc,1P,N=4,69.14884965378661,0.00014794041500731936
bc,1P,N=10,69.14910324285147,0.00015324180525100317
bc,1P,N=40,69.14912081096148,0.00015360330389335708
bc,1P,coupled grid,69.14910910179326,0.00015362263967833023
