source,page,figure,panel,panel_label,sector,quark_content,jp_or_jpc,composition_raw,n,multiplicity,L,J,mass_GeV,label_type,extraction_method,confidence,notes
Godfrey-Isgur-1985.pdf,8,5,main,Fig. 5,isoscalar,"n nbar / s sbar mixed",0-+,1^1S_0,1,1,S,0,0.52,model_label,manual_from_page_screenshot,medium,lower isoscalar
Godfrey-Isgur-1985.pdf,8,5,main,Fig. 5,isoscalar,"n nbar / s sbar mixed",0-+,1^1S_0,1,1,S,0,0.96,model_label,manual_from_page_screenshot,medium,higher isoscalar
Godfrey-Isgur-1985.pdf,8,5,main,Fig. 5,isoscalar,"n nbar / s sbar mixed",0-+,2^1S_0,2,1,S,0,1.44,model_label,manual_from_page_screenshot,medium,lower radial pair
Godfrey-Isgur-1985.pdf,8,5,main,Fig. 5,isoscalar,"n nbar / s sbar mixed",0-+,2^1S_0,2,1,S,0,1.63,model_label,manual_from_page_screenshot,medium,higher radial pair
Godfrey-Isgur-1985.pdf,8,5,main,Fig. 5,isoscalar,"n nbar / s sbar mixed",1--,1^3S_1,1,3,S,1,0.78,model_label,manual_from_page_screenshot,medium,
Godfrey-Isgur-1985.pdf,8,5,main,Fig. 5,isoscalar,"n nbar / s sbar mixed",1--,1^3S_1,1,3,S,1,1.02,model_label,manual_from_page_screenshot,medium,
Godfrey-Isgur-1985.pdf,8,5,main,Fig. 5,isoscalar,"n nbar / s sbar mixed",1--,2^3S_1,2,3,S,1,1.46,model_label,manual_from_page_screenshot,medium,
Godfrey-Isgur-1985.pdf,8,5,main,Fig. 5,isoscalar,"n nbar / s sbar mixed",1--,1^3D_1,1,3,D,1,1.66,model_label,manual_from_page_screenshot,medium,
Godfrey-Isgur-1985.pdf,8,5,main,Fig. 5,isoscalar,"n nbar / s sbar mixed",1--,2^3S_1,2,3,S,1,1.69,model_label,manual_from_page_screenshot,medium,
Godfrey-Isgur-1985.pdf,8,5,main,Fig. 5,isoscalar,"n nbar / s sbar mixed",1--,1^3D_1,1,3,D,1,1.88,model_label,manual_from_page_screenshot,medium,
Godfrey-Isgur-1985.pdf,8,5,main,Fig. 5,isoscalar,"n nbar / s sbar mixed",1+-,1^1P_1,1,1,P,1,1.22,model_label,manual_from_page_screenshot,medium,
Godfrey-Isgur-1985.pdf,8,5,main,Fig. 5,isoscalar,"n nbar / s sbar mixed",1+-,1^1P_1,1,1,P,1,1.47,model_label,manual_from_page_screenshot,medium,
Godfrey-Isgur-1985.pdf,8,5,main,Fig. 5,isoscalar,"n nbar / s sbar mixed",1+-,2^1P_1,2,1,P,1,1.78,model_label,manual_from_page_screenshot,medium,
Godfrey-Isgur-1985.pdf,8,5,main,Fig. 5,isoscalar,"n nbar / s sbar mixed",1+-,2^1P_1,2,1,P,1,2.01,model_label,manual_from_page_screenshot,medium,
Godfrey-Isgur-1985.pdf,8,5,main,Fig. 5,isoscalar,"n nbar / s sbar mixed",0++,1^3P_0,1,3,P,0,1.09,model_label,manual_from_page_screenshot,medium,
Godfrey-Isgur-1985.pdf,8,5,main,Fig. 5,isoscalar,"n nbar / s sbar mixed",0++,1^3P_0,1,3,P,0,1.36,model_label,manual_from_page_screenshot,medium,
Godfrey-Isgur-1985.pdf,8,5,main,Fig. 5,isoscalar,"n nbar / s sbar mixed",0++,2^3P_0,2,3,P,0,1.78,model_label,manual_from_page_screenshot,medium,
Godfrey-Isgur-1985.pdf,8,5,main,Fig. 5,isoscalar,"n nbar / s sbar mixed",0++,2^3P_0,2,3,P,0,1.99,model_label,manual_from_page_screenshot,medium,
Godfrey-Isgur-1985.pdf,8,5,main,Fig. 5,isoscalar,"n nbar / s sbar mixed",1++,1^3P_1,1,3,P,1,1.24,model_label,manual_from_page_screenshot,medium,
Godfrey-Isgur-1985.pdf,8,5,main,Fig. 5,isoscalar,"n nbar / s sbar mixed",1++,1^3P_1,1,3,P,1,1.48,model_label,manual_from_page_screenshot,medium,
Godfrey-Isgur-1985.pdf,8,5,main,Fig. 5,isoscalar,"n nbar / s sbar mixed",1++,2^3P_1,2,3,P,1,1.82,model_label,manual_from_page_screenshot,medium,
Godfrey-Isgur-1985.pdf,8,5,main,Fig. 5,isoscalar,"n nbar / s sbar mixed",1++,2^3P_1,2,3,P,1,2.03,model_label,manual_from_page_screenshot,medium,
Godfrey-Isgur-1985.pdf,8,5,main,Fig. 5,isoscalar,"n nbar / s sbar mixed",2++,1^3P_2,1,3,P,2,1.28,model_label,manual_from_page_screenshot,medium,
Godfrey-Isgur-1985.pdf,8,5,main,Fig. 5,isoscalar,"n nbar / s sbar mixed",2++,1^3P_2,1,3,P,2,1.53,model_label,manual_from_page_screenshot,medium,
Godfrey-Isgur-1985.pdf,8,5,main,Fig. 5,isoscalar,"n nbar / s sbar mixed",2++,2^3P_2,2,3,P,2,1.82,model_label,manual_from_page_screenshot,medium,
Godfrey-Isgur-1985.pdf,8,5,main,Fig. 5,isoscalar,"n nbar / s sbar mixed",2++,2^3P_2,2,3,P,2,2.04,model_label,manual_from_page_screenshot,medium,
Godfrey-Isgur-1985.pdf,8,5,main,Fig. 5,isoscalar,"n nbar / s sbar mixed",2++,1^3F_2,1,3,F,2,2.05,model_label,manual_from_page_screenshot,medium,
Godfrey-Isgur-1985.pdf,8,5,main,Fig. 5,isoscalar,"n nbar / s sbar mixed",2++,1^3F_2,1,3,F,2,2.24,model_label,manual_from_page_screenshot,medium,
Godfrey-Isgur-1985.pdf,8,5,main,Fig. 5,isoscalar,"n nbar / s sbar mixed",2-+,1^1D_2,1,1,D,2,1.68,model_label,manual_from_page_screenshot,medium,
Godfrey-Isgur-1985.pdf,8,5,main,Fig. 5,isoscalar,"n nbar / s sbar mixed",2-+,1^1D_2,1,1,D,2,1.89,model_label,manual_from_page_screenshot,medium,
Godfrey-Isgur-1985.pdf,8,5,main,Fig. 5,isoscalar,"n nbar / s sbar mixed",2--,1^3D_2,1,3,D,2,1.70,model_label,manual_from_page_screenshot,medium,
Godfrey-Isgur-1985.pdf,8,5,main,Fig. 5,isoscalar,"n nbar / s sbar mixed",2--,1^3D_2,1,3,D,2,1.91,model_label,manual_from_page_screenshot,medium,
Godfrey-Isgur-1985.pdf,8,5,main,Fig. 5,isoscalar,"n nbar / s sbar mixed",2--,2^3D_2,2,3,D,2,2.26,model_label,manual_from_page_screenshot,rejected,"crop audit 2026-06-10 (400 dpi, page 8): the Fig. 5 2-- column contains only 1^3D_2(1.70) and 1^3D_2(1.91); no 2^3D_2 level is drawn. The 2.26 value matches the Fig. 4 strange 2^3D_2(2.26) label and was cross-figure contamination. Row removed from data/reference_spectrum_isoscalar.csv."
Godfrey-Isgur-1985.pdf,8,5,main,Fig. 5,isoscalar,"n nbar / s sbar mixed",3--,1^3D_3,1,3,D,3,1.68,model_label,manual_from_page_screenshot,medium,
Godfrey-Isgur-1985.pdf,8,5,main,Fig. 5,isoscalar,"n nbar / s sbar mixed",3--,1^3D_3,1,3,D,3,1.90,model_label,manual_from_page_screenshot,medium,
Godfrey-Isgur-1985.pdf,8,5,main,Fig. 5,isoscalar,"n nbar / s sbar mixed",3--,1^3G_3,1,3,G,3,2.37,model_label,manual_from_page_screenshot,medium,
Godfrey-Isgur-1985.pdf,8,5,main,Fig. 5,isoscalar,"n nbar / s sbar mixed",3--,1^3G_3,1,3,G,3,2.54,model_label,manual_from_page_screenshot,medium,
Godfrey-Isgur-1985.pdf,8,5,main,Fig. 5,isoscalar,"n nbar / s sbar mixed",3+-,1^1F_3,1,1,F,3,2.03,model_label,manual_from_page_screenshot,medium,
Godfrey-Isgur-1985.pdf,8,5,main,Fig. 5,isoscalar,"n nbar / s sbar mixed",3+-,1^1F_3,1,1,F,3,2.22,model_label,manual_from_page_screenshot,medium,
Godfrey-Isgur-1985.pdf,8,5,main,Fig. 5,isoscalar,"n nbar / s sbar mixed",3++,1^3F_3,1,3,F,3,2.05,model_label,manual_from_page_screenshot,medium,
Godfrey-Isgur-1985.pdf,8,5,main,Fig. 5,isoscalar,"n nbar / s sbar mixed",3++,1^3F_3,1,3,F,3,2.23,model_label,manual_from_page_screenshot,medium,
Godfrey-Isgur-1985.pdf,8,5,main,Fig. 5,isoscalar,"n nbar / s sbar mixed",4++,1^3F_4,1,3,F,4,2.01,model_label,manual_from_page_screenshot,medium,
Godfrey-Isgur-1985.pdf,8,5,main,Fig. 5,isoscalar,"n nbar / s sbar mixed",4++,1^3F_4,1,3,F,4,2.20,model_label,manual_from_page_screenshot,medium,
Godfrey-Isgur-1985.pdf,8,5,main,Fig. 5,isoscalar,"n nbar / s sbar mixed",4-+,1^1G_4,1,1,G,4,2.33,model_label,manual_from_page_screenshot,medium,
Godfrey-Isgur-1985.pdf,8,5,main,Fig. 5,isoscalar,"n nbar / s sbar mixed",4-+,1^1G_4,1,1,G,4,2.51,model_label,manual_from_page_screenshot,medium,
Godfrey-Isgur-1985.pdf,8,5,main,Fig. 5,isoscalar,"n nbar / s sbar mixed",4--,1^3G_4,1,3,G,4,2.34,model_label,manual_from_page_screenshot,medium,
Godfrey-Isgur-1985.pdf,8,5,main,Fig. 5,isoscalar,"n nbar / s sbar mixed",4--,1^3G_4,1,3,G,4,2.52,model_label,manual_from_page_screenshot,medium,
Godfrey-Isgur-1985.pdf,8,5,main,Fig. 5,isoscalar,"n nbar / s sbar mixed",5--,1^3G_5,1,3,G,5,2.30,model_label,manual_from_page_screenshot,medium,
Godfrey-Isgur-1985.pdf,8,5,main,Fig. 5,isoscalar,"n nbar / s sbar mixed",5--,1^3G_5,1,3,G,5,2.47,model_label,manual_from_page_screenshot,medium,
